Date, Demand placed by, Demand 
2018-08-23,Demand by supplier,15.05
2018-08-23,Demand by retailer,13.76
2018-08-23,Demand by customer,16.12
2018-08-24,Demand by supplier,13.86
2018-08-24,Demand by retailer,15.41
2018-08-24,Demand by customer,10.50
2018-08-25,Demand by supplier,14.69
2018-08-25,Demand by retailer,11.97
2018-08-25,Demand by customer,0.00
2018-08-26,Demand by supplier,12.50
2018-08-26,Demand by retailer,3.59
2018-08-26,Demand by customer,5.47
2018-08-27,Demand by supplier,6.07
2018-08-27,Demand by retailer,9.02
2018-08-27,Demand by customer,15.72
2018-08-28,Demand by supplier,7.86
2018-08-28,Demand by retailer,13.71
2018-08-28,Demand by customer,10.26
2018-08-29,Demand by supplier,18.03
2018-08-29,Demand by retailer,20.82
2018-08-29,Demand by customer,9.66
2018-08-30,Demand by supplier,25.86
2018-08-30,Demand by retailer,19.08
2018-08-30,Demand by customer,22.54
2018-08-31,Demand by supplier,25.17
2018-08-31,Demand by retailer,25.30
2018-08-31,Demand by customer,24.00
2018-09-01,Demand by supplier,26.86
2018-09-01,Demand by retailer,25.70
2018-09-01,Demand by customer,9.74
2018-09-02,Demand by supplier,26.57
2018-09-02,Demand by retailer,19.40
2018-09-02,Demand by customer,23.53
2018-09-03,Demand by supplier,21.40
2018-09-03,Demand by retailer,15.42
2018-09-03,Demand by customer,0.00
2018-09-04,Demand by supplier,16.99
2018-09-04,Demand by retailer,4.63
2018-09-04,Demand by customer,0.00
2018-09-05,Demand by supplier,8.15
2018-09-05,Demand by retailer,8.79
2018-09-05,Demand by customer,16.07
2018-09-06,Demand by supplier,8.35
2018-09-06,Demand by retailer,13.89
2018-09-06,Demand by customer,8.17
2018-09-07,Demand by supplier,11.99
2018-09-07,Demand by retailer,9.88
2018-09-07,Demand by customer,14.05
2018-09-08,Demand by supplier,10.27
2018-09-08,Demand by retailer,12.80
2018-09-08,Demand by customer,13.62
2018-09-09,Demand by supplier,11.80
2018-09-09,Demand by retailer,13.37
2018-09-09,Demand by customer,9.37
2018-09-10,Demand by supplier,17.43
2018-09-10,Demand by retailer,16.85
2018-09-10,Demand by customer,14.77
2018-09-11,Demand by supplier,29.96
2018-09-11,Demand by retailer,18.35
2018-09-11,Demand by customer,11.06
2018-09-12,Demand by supplier,25.49
2018-09-12,Demand by retailer,15.16
2018-09-12,Demand by customer,0.00
2018-09-13,Demand by supplier,24.74
2018-09-13,Demand by retailer,15.03
2018-09-13,Demand by customer,11.53
2018-09-14,Demand by supplier,20.24
2018-09-14,Demand by retailer,12.58
2018-09-14,Demand by customer,11.30
2018-09-15,Demand by supplier,15.20
2018-09-15,Demand by retailer,11.68
2018-09-15,Demand by customer,22.83
2018-09-16,Demand by supplier,12.52
2018-09-16,Demand by retailer,19.49
2018-09-16,Demand by customer,2.10
2018-09-17,Demand by supplier,17.28
2018-09-17,Demand by retailer,7.31
2018-09-17,Demand by customer,10.12
2018-09-18,Demand by supplier,10.11
2018-09-18,Demand by retailer,9.28
2018-09-18,Demand by customer,7.03
2018-09-19,Demand by supplier,9.31
2018-09-19,Demand by retailer,8.73
2018-09-19,Demand by customer,9.07
2018-09-20,Demand by supplier,8.70
2018-09-20,Demand by retailer,12.27
2018-09-20,Demand by customer,21.61
2018-09-21,Demand by supplier,11.30
2018-09-21,Demand by retailer,18.81
2018-09-21,Demand by customer,12.65
2018-09-22,Demand by supplier,22.59
2018-09-22,Demand by retailer,18.13
2018-09-22,Demand by customer,6.75
2018-09-23,Demand by supplier,32.24
2018-09-23,Demand by retailer,19.08
2018-09-23,Demand by customer,11.08
2018-09-24,Demand by supplier,23.18
2018-09-24,Demand by retailer,20.33
2018-09-24,Demand by customer,15.36
2018-09-25,Demand by supplier,20.15
2018-09-25,Demand by retailer,22.40
2018-09-25,Demand by customer,3.04
2018-09-26,Demand by supplier,23.73
2018-09-26,Demand by retailer,8.85
2018-09-26,Demand by customer,8.15
2018-09-27,Demand by supplier,13.12
2018-09-27,Demand by retailer,9.12
2018-09-27,Demand by customer,20.80
2018-09-28,Demand by supplier,10.13
2018-09-28,Demand by retailer,17.29
2018-09-28,Demand by customer,15.99
2018-09-29,Demand by supplier,15.00
2018-09-29,Demand by retailer,16.38
2018-09-29,Demand by customer,9.69
2018-09-30,Demand by supplier,15.82
2018-09-30,Demand by retailer,11.70
2018-09-30,Demand by customer,6.66
2018-10-01,Demand by supplier,12.74
2018-10-01,Demand by retailer,8.17
2018-10-01,Demand by customer,8.92
2018-10-02,Demand by supplier,9.36
2018-10-02,Demand by retailer,8.70
2018-10-02,Demand by customer,0.00
2018-10-03,Demand by supplier,11.30
2018-10-03,Demand by retailer,9.70
2018-10-03,Demand by customer,16.60
2018-10-04,Demand by supplier,17.05
2018-10-04,Demand by retailer,20.90
2018-10-04,Demand by customer,12.39
2018-10-05,Demand by supplier,22.27
2018-10-05,Demand by retailer,18.37
2018-10-05,Demand by customer,10.97
2018-10-06,Demand by supplier,24.76
2018-10-06,Demand by retailer,16.98
2018-10-06,Demand by customer,0.92
2018-10-07,Demand by supplier,24.14
2018-10-07,Demand by retailer,15.88
2018-10-07,Demand by customer,5.00
2018-10-08,Demand by supplier,23.49
2018-10-08,Demand by retailer,10.48
2018-10-08,Demand by customer,13.60
2018-10-09,Demand by supplier,15.00
2018-10-09,Demand by retailer,12.67
2018-10-09,Demand by customer,11.80
2018-10-10,Demand by supplier,13.19
2018-10-10,Demand by retailer,12.06
2018-10-10,Demand by customer,6.52
2018-10-11,Demand by supplier,12.23
2018-10-11,Demand by retailer,8.92
2018-10-11,Demand by customer,13.54
2018-10-12,Demand by supplier,9.74
2018-10-12,Demand by retailer,13.68
2018-10-12,Demand by customer,16.57
2018-10-13,Demand by supplier,12.34
2018-10-13,Demand by retailer,15.70
2018-10-13,Demand by customer,5.27
2018-10-14,Demand by supplier,14.56
2018-10-14,Demand by retailer,8.40
2018-10-14,Demand by customer,6.28
2018-10-15,Demand by supplier,10.09
2018-10-15,Demand by retailer,11.15
2018-10-15,Demand by customer,3.91
2018-10-16,Demand by supplier,17.78
2018-10-16,Demand by retailer,20.04
2018-10-16,Demand by customer,1.91
2018-10-17,Demand by supplier,26.38
2018-10-17,Demand by retailer,16.73
2018-10-17,Demand by customer,15.58
2018-10-18,Demand by supplier,25.28
2018-10-18,Demand by retailer,15.92
2018-10-18,Demand by customer,13.57
2018-10-19,Demand by supplier,19.53
2018-10-19,Demand by retailer,16.67
2018-10-19,Demand by customer,12.37
2018-10-20,Demand by supplier,20.35
2018-10-20,Demand by retailer,13.66
2018-10-20,Demand by customer,1.80
2018-10-21,Demand by supplier,17.75
2018-10-21,Demand by retailer,7.73
2018-10-21,Demand by customer,2.68
2018-10-22,Demand by supplier,10.59
2018-10-22,Demand by retailer,10.13
2018-10-22,Demand by customer,9.53
2018-10-23,Demand by supplier,10.11
2018-10-23,Demand by retailer,11.22
2018-10-23,Demand by customer,7.11
2018-10-24,Demand by supplier,10.74
2018-10-24,Demand by retailer,11.28
2018-10-24,Demand by customer,10.84
2018-10-25,Demand by supplier,10.96
2018-10-25,Demand by retailer,11.51
2018-10-25,Demand by customer,5.11
2018-10-26,Demand by supplier,11.19
2018-10-26,Demand by retailer,14.12
2018-10-26,Demand by customer,14.58
2018-10-27,Demand by supplier,13.29
2018-10-27,Demand by retailer,14.44
2018-10-27,Demand by customer,22.60
2018-10-28,Demand by supplier,24.30
2018-10-28,Demand by retailer,20.15
2018-10-28,Demand by customer,20.83
2018-10-29,Demand by supplier,28.54
2018-10-29,Demand by retailer,20.62
2018-10-29,Demand by customer,21.27
2018-10-30,Demand by supplier,22.78
2018-10-30,Demand by retailer,20.52
2018-10-30,Demand by customer,10.50
2018-10-31,Demand by supplier,18.99
2018-10-31,Demand by retailer,18.57
2018-10-31,Demand by customer,16.45
2018-11-01,Demand by supplier,18.62
2018-11-01,Demand by retailer,16.16
2018-11-01,Demand by customer,7.36
2018-11-02,Demand by supplier,16.79
2018-11-02,Demand by retailer,10.00
2018-11-02,Demand by customer,16.44
2018-11-03,Demand by supplier,11.90
2018-11-03,Demand by retailer,14.51
2018-11-03,Demand by customer,7.35
2018-11-04,Demand by supplier,13.60
2018-11-04,Demand by retailer,9.50
2018-11-04,Demand by customer,6.58
2018-11-05,Demand by supplier,10.59
2018-11-05,Demand by retailer,7.45
2018-11-05,Demand by customer,5.49
2018-11-06,Demand by supplier,8.27
2018-11-06,Demand by retailer,6.21
2018-11-06,Demand by customer,14.89
2018-11-07,Demand by supplier,6.71
2018-11-07,Demand by retailer,12.29
2018-11-07,Demand by customer,11.93
2018-11-08,Demand by supplier,10.48
2018-11-08,Demand by retailer,18.42
2018-11-08,Demand by customer,11.30
2018-11-09,Demand by supplier,24.92
2018-11-09,Demand by retailer,23.28
2018-11-09,Demand by customer,2.02
2018-11-10,Demand by supplier,27.26
2018-11-10,Demand by retailer,21.75
2018-11-10,Demand by customer,10.99
2018-11-11,Demand by supplier,19.23
2018-11-11,Demand by retailer,24.74
2018-11-11,Demand by customer,0.00
2018-11-12,Demand by supplier,18.79
2018-11-12,Demand by retailer,21.58
2018-11-12,Demand by customer,20.34
2018-11-13,Demand by supplier,23.01
2018-11-13,Demand by retailer,19.42
2018-11-13,Demand by customer,9.08
2018-11-14,Demand by supplier,20.45
2018-11-14,Demand by retailer,12.18
2018-11-14,Demand by customer,11.36
2018-11-15,Demand by supplier,14.53
2018-11-15,Demand by retailer,11.61
2018-11-15,Demand by customer,9.26
2018-11-16,Demand by supplier,12.36
2018-11-16,Demand by retailer,9.97
2018-11-16,Demand by customer,0.00
2018-11-17,Demand by supplier,10.56
2018-11-17,Demand by retailer,4.58
2018-11-17,Demand by customer,0.40
2018-11-18,Demand by supplier,6.29
2018-11-18,Demand by retailer,6.92
2018-11-18,Demand by customer,9.80
2018-11-19,Demand by supplier,6.63
2018-11-19,Demand by retailer,11.71
2018-11-19,Demand by customer,20.45
2018-11-20,Demand by supplier,10.06
2018-11-20,Demand by retailer,17.83
2018-11-20,Demand by customer,2.19
2018-11-21,Demand by supplier,17.64
2018-11-21,Demand by retailer,20.32
2018-11-21,Demand by customer,5.06
2018-11-22,Demand by supplier,22.03
2018-11-22,Demand by retailer,23.67
2018-11-22,Demand by customer,9.67
2018-11-23,Demand by supplier,21.24
2018-11-23,Demand by retailer,26.01
2018-11-23,Demand by customer,0.00
2018-11-24,Demand by supplier,24.80
2018-11-24,Demand by retailer,22.17
2018-11-24,Demand by customer,0.00
2018-11-25,Demand by supplier,22.76
2018-11-25,Demand by retailer,14.67
2018-11-25,Demand by customer,7.12
2018-11-26,Demand by supplier,16.99
2018-11-26,Demand by retailer,12.60
2018-11-26,Demand by customer,9.68
2018-11-27,Demand by supplier,13.80
2018-11-27,Demand by retailer,12.73
2018-11-27,Demand by customer,7.26
2018-11-28,Demand by supplier,12.94
2018-11-28,Demand by retailer,11.85
2018-11-28,Demand by customer,20.74
2018-11-29,Demand by supplier,12.06
2018-11-29,Demand by retailer,18.07
2018-11-29,Demand by customer,8.85
2018-11-30,Demand by supplier,16.21
2018-11-30,Demand by retailer,11.62
2018-11-30,Demand by customer,12.52
2018-12-01,Demand by supplier,12.88
2018-12-01,Demand by retailer,12.25
2018-12-01,Demand by customer,21.19
2018-12-02,Demand by supplier,12.32
2018-12-02,Demand by retailer,18.51
2018-12-02,Demand by customer,21.93
2018-12-03,Demand by supplier,16.60
2018-12-03,Demand by retailer,20.65
2018-12-03,Demand by customer,0.00
2018-12-04,Demand by supplier,25.54
2018-12-04,Demand by retailer,6.19
2018-12-04,Demand by customer,7.36
2018-12-05,Demand by supplier,18.26
2018-12-05,Demand by retailer,10.15
2018-12-05,Demand by customer,18.14
2018-12-06,Demand by supplier,15.14
2018-12-06,Demand by retailer,15.74
2018-12-06,Demand by customer,0.35
2018-12-07,Demand by supplier,16.64
2018-12-07,Demand by retailer,12.81
2018-12-07,Demand by customer,3.53
2018-12-08,Demand by supplier,13.85
2018-12-08,Demand by retailer,12.42
2018-12-08,Demand by customer,0.92
2018-12-09,Demand by supplier,12.74
2018-12-09,Demand by retailer,14.44
2018-12-09,Demand by customer,0.47
2018-12-10,Demand by supplier,13.83
2018-12-10,Demand by retailer,12.91
2018-12-10,Demand by customer,2.06
2018-12-11,Demand by supplier,13.44
2018-12-11,Demand by retailer,13.06
2018-12-11,Demand by customer,11.24
2018-12-12,Demand by supplier,13.07
2018-12-12,Demand by retailer,14.29
2018-12-12,Demand by customer,18.88
2018-12-13,Demand by supplier,14.54
2018-12-13,Demand by retailer,17.50
2018-12-13,Demand by customer,20.70
2018-12-14,Demand by supplier,20.88
2018-12-14,Demand by retailer,19.74
2018-12-14,Demand by customer,10.08
2018-12-15,Demand by supplier,25.64
2018-12-15,Demand by retailer,12.98
2018-12-15,Demand by customer,0.00
2018-12-16,Demand by supplier,18.36
2018-12-16,Demand by retailer,7.92
2018-12-16,Demand by customer,9.60
2018-12-17,Demand by supplier,13.55
2018-12-17,Demand by retailer,11.41
2018-12-17,Demand by customer,7.63
2018-12-18,Demand by supplier,12.74
2018-12-18,Demand by retailer,12.57
2018-12-18,Demand by customer,12.47
2018-12-19,Demand by supplier,12.52
2018-12-19,Demand by retailer,13.77
2018-12-19,Demand by customer,9.10
2018-12-20,Demand by supplier,13.30
2018-12-20,Demand by retailer,12.53
2018-12-20,Demand by customer,0.00
2018-12-21,Demand by supplier,12.66
2018-12-21,Demand by retailer,12.37
2018-12-21,Demand by customer,12.89
2018-12-22,Demand by supplier,12.36
2018-12-22,Demand by retailer,12.84
2018-12-22,Demand by customer,0.00
2018-12-23,Demand by supplier,12.60
2018-12-23,Demand by retailer,13.71
2018-12-23,Demand by customer,5.17
2018-12-24,Demand by supplier,17.04
2018-12-24,Demand by retailer,16.24
2018-12-24,Demand by customer,12.18
2018-12-25,Demand by supplier,23.04
2018-12-25,Demand by retailer,14.23
2018-12-25,Demand by customer,12.45
2018-12-26,Demand by supplier,22.76
2018-12-26,Demand by retailer,13.91
2018-12-26,Demand by customer,21.00
2018-12-27,Demand by supplier,18.13
2018-12-27,Demand by retailer,18.87
2018-12-27,Demand by customer,0.00
2018-12-28,Demand by supplier,18.62
2018-12-28,Demand by retailer,8.39
2018-12-28,Demand by customer,12.38
2018-12-29,Demand by supplier,11.37
2018-12-29,Demand by retailer,11.18
2018-12-29,Demand by customer,14.83
2018-12-30,Demand by supplier,11.14
2018-12-30,Demand by retailer,13.73
2018-12-30,Demand by customer,7.71
2018-12-31,Demand by supplier,12.87
2018-12-31,Demand by retailer,11.10
2018-12-31,Demand by customer,14.47
2019-01-01,Demand by supplier,11.54
2019-01-01,Demand by retailer,13.46
2019-01-01,Demand by customer,2.29
2019-01-02,Demand by supplier,12.79
2019-01-02,Demand by retailer,10.79
2019-01-02,Demand by customer,14.60
2019-01-03,Demand by supplier,11.29
2019-01-03,Demand by retailer,14.36
2019-01-03,Demand by customer,13.77
2019-01-04,Demand by supplier,13.51
2019-01-04,Demand by retailer,15.50
2019-01-04,Demand by customer,3.13
2019-01-05,Demand by supplier,21.16
2019-01-05,Demand by retailer,16.00
2019-01-05,Demand by customer,5.33
2019-01-06,Demand by supplier,26.93
2019-01-06,Demand by retailer,14.41
2019-01-06,Demand by customer,8.67
2019-01-07,Demand by supplier,19.82
2019-01-07,Demand by retailer,12.10
2019-01-07,Demand by customer,5.41
2019-01-08,Demand by supplier,17.15
2019-01-08,Demand by retailer,13.05
2019-01-08,Demand by customer,17.31
2019-01-09,Demand by supplier,14.19
2019-01-09,Demand by retailer,16.03
2019-01-09,Demand by customer,11.23
2019-01-10,Demand by supplier,15.41
2019-01-10,Demand by retailer,12.67
2019-01-10,Demand by customer,19.20
2019-01-11,Demand by supplier,13.40
2019-01-11,Demand by retailer,17.24
2019-01-11,Demand by customer,18.23
2019-01-12,Demand by supplier,16.04
2019-01-12,Demand by retailer,17.93
2019-01-12,Demand by customer,10.43
2019-01-13,Demand by supplier,17.32
2019-01-13,Demand by retailer,12.68
2019-01-13,Demand by customer,8.65
2019-01-14,Demand by supplier,13.99
2019-01-14,Demand by retailer,9.86
2019-01-14,Demand by customer,3.37
2019-01-15,Demand by supplier,11.01
2019-01-15,Demand by retailer,5.32
2019-01-15,Demand by customer,4.37
2019-01-16,Demand by supplier,6.97
2019-01-16,Demand by retailer,12.08
2019-01-16,Demand by customer,4.39
2019-01-17,Demand by supplier,14.95
2019-01-17,Demand by retailer,18.17
2019-01-17,Demand by customer,12.43
2019-01-18,Demand by supplier,17.17
2019-01-18,Demand by retailer,18.03
2019-01-18,Demand by customer,3.81
2019-01-19,Demand by supplier,18.17
2019-01-19,Demand by retailer,16.42
2019-01-19,Demand by customer,10.55
2019-01-20,Demand by supplier,21.09
2019-01-20,Demand by retailer,15.34
2019-01-20,Demand by customer,11.35
2019-01-21,Demand by supplier,23.46
2019-01-21,Demand by retailer,12.55
2019-01-21,Demand by customer,6.53
2019-01-22,Demand by supplier,16.09
2019-01-22,Demand by retailer,8.33
2019-01-22,Demand by customer,8.70
2019-01-23,Demand by supplier,11.49
2019-01-23,Demand by retailer,9.07
2019-01-23,Demand by customer,20.12
2019-01-24,Demand by supplier,9.72
2019-01-24,Demand by retailer,16.80
2019-01-24,Demand by customer,21.28
2019-01-25,Demand by supplier,14.63
2019-01-25,Demand by retailer,19.94
2019-01-25,Demand by customer,4.52
2019-01-26,Demand by supplier,18.34
2019-01-26,Demand by retailer,9.15
2019-01-26,Demand by customer,8.64
2019-01-27,Demand by supplier,11.83
2019-01-27,Demand by retailer,9.19
2019-01-27,Demand by customer,7.40
2019-01-28,Demand by supplier,9.90
2019-01-28,Demand by retailer,12.01
2019-01-28,Demand by customer,8.07
2019-01-29,Demand by supplier,13.49
2019-01-29,Demand by retailer,14.04
2019-01-29,Demand by customer,20.75
2019-01-30,Demand by supplier,16.81
2019-01-30,Demand by retailer,18.74
2019-01-30,Demand by customer,14.81
2019-01-31,Demand by supplier,18.84
2019-01-31,Demand by retailer,15.98
2019-01-31,Demand by customer,18.82
2019-02-01,Demand by supplier,23.17
2019-02-01,Demand by retailer,17.97
2019-02-01,Demand by customer,22.44
2019-02-02,Demand by supplier,21.39
2019-02-02,Demand by retailer,16.13
2019-02-02,Demand by customer,6.92
2019-02-03,Demand by supplier,17.66
2019-02-03,Demand by retailer,9.68
2019-02-03,Demand by customer,8.69
2019-02-04,Demand by supplier,12.14
2019-02-04,Demand by retailer,8.99
2019-02-04,Demand by customer,10.28
2019-02-05,Demand by supplier,9.86
2019-02-05,Demand by retailer,10.01
2019-02-05,Demand by customer,17.18
2019-02-06,Demand by supplier,9.89
2019-02-06,Demand by retailer,15.03
2019-02-06,Demand by customer,9.36
2019-02-07,Demand by supplier,13.43
2019-02-07,Demand by retailer,12.99
2019-02-07,Demand by customer,14.52
2019-02-08,Demand by supplier,13.05
2019-02-08,Demand by retailer,14.06
2019-02-08,Demand by customer,18.18
2019-02-09,Demand by supplier,13.69
2019-02-09,Demand by retailer,16.94
2019-02-09,Demand by customer,18.14
2019-02-10,Demand by supplier,17.39
2019-02-10,Demand by retailer,17.78
2019-02-10,Demand by customer,13.13
2019-02-11,Demand by supplier,25.96
2019-02-11,Demand by retailer,14.86
2019-02-11,Demand by customer,4.48
2019-02-12,Demand by supplier,19.93
2019-02-12,Demand by retailer,8.86
2019-02-12,Demand by customer,0.00
2019-02-13,Demand by supplier,15.49
2019-02-13,Demand by retailer,13.01
2019-02-13,Demand by customer,17.85
2019-02-14,Demand by supplier,14.73
2019-02-14,Demand by retailer,16.40
2019-02-14,Demand by customer,13.20
2019-02-15,Demand by supplier,15.85
2019-02-15,Demand by retailer,14.16
2019-02-15,Demand by customer,3.44
2019-02-16,Demand by supplier,14.60
2019-02-16,Demand by retailer,8.22
2019-02-16,Demand by customer,6.46
2019-02-17,Demand by supplier,10.07
2019-02-17,Demand by retailer,9.65
2019-02-17,Demand by customer,6.86
2019-02-18,Demand by supplier,9.71
2019-02-18,Demand by retailer,11.17
2019-02-18,Demand by customer,0.00
2019-02-19,Demand by supplier,10.66
2019-02-19,Demand by retailer,12.31
2019-02-19,Demand by customer,11.76
2019-02-20,Demand by supplier,11.75
2019-02-20,Demand by retailer,13.13
2019-02-20,Demand by customer,4.49
2019-02-21,Demand by supplier,12.65
2019-02-21,Demand by retailer,18.95
2019-02-21,Demand by customer,7.94
2019-02-22,Demand by supplier,23.82
2019-02-22,Demand by retailer,17.80
2019-02-22,Demand by customer,15.18
2019-02-23,Demand by supplier,24.09
2019-02-23,Demand by retailer,17.66
2019-02-23,Demand by customer,9.33
2019-02-24,Demand by supplier,18.40
2019-02-24,Demand by retailer,15.97
2019-02-24,Demand by customer,13.80
2019-02-25,Demand by supplier,17.13
2019-02-25,Demand by retailer,16.78
2019-02-25,Demand by customer,12.96
2019-02-26,Demand by supplier,16.84
2019-02-26,Demand by retailer,14.10
2019-02-26,Demand by customer,10.22
2019-02-27,Demand by supplier,14.86
2019-02-27,Demand by retailer,11.39
2019-02-27,Demand by customer,10.34
2019-02-28,Demand by supplier,12.36
2019-02-28,Demand by retailer,10.66
2019-02-28,Demand by customer,23.03
2019-03-01,Demand by supplier,11.10
2019-03-01,Demand by retailer,19.32
2019-03-01,Demand by customer,8.81
2019-03-02,Demand by supplier,16.84
2019-03-02,Demand by retailer,11.96
2019-03-02,Demand by customer,21.39
2019-03-03,Demand by supplier,13.36
2019-03-03,Demand by retailer,18.56
2019-03-03,Demand by customer,3.60
2019-03-04,Demand by supplier,16.98
2019-03-04,Demand by retailer,8.09
2019-03-04,Demand by customer,15.11
2019-03-05,Demand by supplier,10.70
2019-03-05,Demand by retailer,13.00
2019-03-05,Demand by customer,11.20
2019-03-06,Demand by supplier,17.50
2019-03-06,Demand by retailer,12.70
2019-03-06,Demand by customer,4.90
2019-03-07,Demand by supplier,14.07
2019-03-07,Demand by retailer,12.71
2019-03-07,Demand by customer,0.00
2019-03-08,Demand by supplier,14.72
2019-03-08,Demand by retailer,15.62
2019-03-08,Demand by customer,21.16
2019-03-09,Demand by supplier,15.30
2019-03-09,Demand by retailer,19.50
2019-03-09,Demand by customer,1.91
2019-03-10,Demand by supplier,20.23
2019-03-10,Demand by retailer,12.25
2019-03-10,Demand by customer,3.26
2019-03-11,Demand by supplier,14.58
2019-03-11,Demand by retailer,11.20
2019-03-11,Demand by customer,10.91
2019-03-12,Demand by supplier,13.27
2019-03-12,Demand by retailer,12.44
2019-03-12,Demand by customer,10.40
2019-03-13,Demand by supplier,15.34
2019-03-13,Demand by retailer,12.64
2019-03-13,Demand by customer,11.95
2019-03-14,Demand by supplier,13.39
2019-03-14,Demand by retailer,12.69
2019-03-14,Demand by customer,8.22
2019-03-15,Demand by supplier,12.84
2019-03-15,Demand by retailer,12.89
2019-03-15,Demand by customer,0.00
2019-03-16,Demand by supplier,12.81
2019-03-16,Demand by retailer,14.43
2019-03-16,Demand by customer,16.07
2019-03-17,Demand by supplier,13.89
2019-03-17,Demand by retailer,15.58
2019-03-17,Demand by customer,3.67
2019-03-18,Demand by supplier,17.98
2019-03-18,Demand by retailer,13.45
2019-03-18,Demand by customer,11.56
2019-03-19,Demand by supplier,14.75
2019-03-19,Demand by retailer,14.07
2019-03-19,Demand by customer,14.02
2019-03-20,Demand by supplier,15.77
2019-03-20,Demand by retailer,14.04
2019-03-20,Demand by customer,18.28
2019-03-21,Demand by supplier,18.87
2019-03-21,Demand by retailer,17.00
2019-03-21,Demand by customer,8.47
2019-03-22,Demand by supplier,17.53
2019-03-22,Demand by retailer,11.03
2019-03-22,Demand by customer,7.86
2019-03-23,Demand by supplier,12.92
2019-03-23,Demand by retailer,10.56
2019-03-23,Demand by customer,8.37
2019-03-24,Demand by supplier,11.74
2019-03-24,Demand by retailer,14.08
2019-03-24,Demand by customer,0.00
2019-03-25,Demand by supplier,13.33
2019-03-25,Demand by retailer,14.70
2019-03-25,Demand by customer,4.72
2019-03-26,Demand by supplier,14.24
2019-03-26,Demand by retailer,13.20
2019-03-26,Demand by customer,2.97
2019-03-27,Demand by supplier,13.45
2019-03-27,Demand by retailer,13.57
2019-03-27,Demand by customer,1.95
2019-03-28,Demand by supplier,13.48
2019-03-28,Demand by retailer,13.03
2019-03-28,Demand by customer,11.17
2019-03-29,Demand by supplier,15.76
2019-03-29,Demand by retailer,11.80
2019-03-29,Demand by customer,7.82
2019-03-30,Demand by supplier,15.14
2019-03-30,Demand by retailer,15.00
2019-03-30,Demand by customer,21.17
2019-03-31,Demand by supplier,16.95
2019-03-31,Demand by retailer,19.32
2019-03-31,Demand by customer,20.42
2019-04-01,Demand by supplier,19.62
2019-04-01,Demand by retailer,20.09
2019-04-01,Demand by customer,0.00
2019-04-02,Demand by supplier,19.96
2019-04-02,Demand by retailer,6.30
2019-04-02,Demand by customer,10.86
2019-04-03,Demand by supplier,10.36
2019-04-03,Demand by retailer,11.13
2019-04-03,Demand by customer,2.99
2019-04-04,Demand by supplier,11.95
2019-04-04,Demand by retailer,12.50
2019-04-04,Demand by customer,13.89
2019-04-05,Demand by supplier,12.28
2019-04-05,Demand by retailer,13.47
2019-04-05,Demand by customer,11.11
2019-04-06,Demand by supplier,13.06
2019-04-06,Demand by retailer,12.23
2019-04-06,Demand by customer,16.51
2019-04-07,Demand by supplier,12.42
2019-04-07,Demand by retailer,15.23
2019-04-07,Demand by customer,12.18
2019-04-08,Demand by supplier,14.34
2019-04-08,Demand by retailer,13.67
2019-04-08,Demand by customer,15.33
2019-04-09,Demand by supplier,13.92
2019-04-09,Demand by retailer,14.83
2019-04-09,Demand by customer,7.91
2019-04-10,Demand by supplier,17.74
2019-04-10,Demand by retailer,13.90
2019-04-10,Demand by customer,0.00
2019-04-11,Demand by supplier,18.09
2019-04-11,Demand by retailer,12.92
2019-04-11,Demand by customer,1.70
2019-04-12,Demand by supplier,18.64
2019-04-12,Demand by retailer,13.31
2019-04-12,Demand by customer,4.02
2019-04-13,Demand by supplier,15.08
2019-04-13,Demand by retailer,12.56
2019-04-13,Demand by customer,6.57
2019-04-14,Demand by supplier,13.26
2019-04-14,Demand by retailer,14.43
2019-04-14,Demand by customer,2.91
2019-04-15,Demand by supplier,14.03
2019-04-15,Demand by retailer,12.74
2019-04-15,Demand by customer,21.43
2019-04-16,Demand by supplier,13.07
2019-04-16,Demand by retailer,18.82
2019-04-16,Demand by customer,8.82
2019-04-17,Demand by supplier,17.09
2019-04-17,Demand by retailer,11.82
2019-04-17,Demand by customer,19.07
2019-04-18,Demand by supplier,13.35
2019-04-18,Demand by retailer,16.90
2019-04-18,Demand by customer,7.63
2019-04-19,Demand by supplier,15.80
2019-04-19,Demand by retailer,10.41
2019-04-19,Demand by customer,21.58
2019-04-20,Demand by supplier,11.97
2019-04-20,Demand by retailer,18.23
2019-04-20,Demand by customer,1.60
2019-04-21,Demand by supplier,18.15
2019-04-21,Demand by retailer,8.20
2019-04-21,Demand by customer,14.20
2019-04-22,Demand by supplier,11.14
2019-04-22,Demand by retailer,12.40
2019-04-22,Demand by customer,0.69
2019-04-23,Demand by supplier,15.29
2019-04-23,Demand by retailer,15.83
2019-04-23,Demand by customer,13.09
2019-04-24,Demand by supplier,15.63
2019-04-24,Demand by retailer,13.91
2019-04-24,Demand by customer,21.11
2019-04-25,Demand by supplier,14.38
2019-04-25,Demand by retailer,18.95
2019-04-25,Demand by customer,0.00
2019-04-26,Demand by supplier,17.57
2019-04-26,Demand by retailer,9.40
2019-04-26,Demand by customer,3.90
2019-04-27,Demand by supplier,13.63
2019-04-27,Demand by retailer,13.32
2019-04-27,Demand by customer,11.72
2019-04-28,Demand by supplier,14.14
2019-04-28,Demand by retailer,12.58
2019-04-28,Demand by customer,8.70
2019-04-29,Demand by supplier,13.00
2019-04-29,Demand by retailer,12.45
2019-04-29,Demand by customer,0.42
2019-04-30,Demand by supplier,12.57
2019-04-30,Demand by retailer,13.15
2019-04-30,Demand by customer,18.10
2019-05-01,Demand by supplier,12.92
2019-05-01,Demand by retailer,16.61
2019-05-01,Demand by customer,10.37
2019-05-02,Demand by supplier,16.14
2019-05-02,Demand by retailer,12.44
2019-05-02,Demand by customer,19.05
2019-05-03,Demand by supplier,13.50
2019-05-03,Demand by retailer,17.07
2019-05-03,Demand by customer,12.23
2019-05-04,Demand by supplier,17.86
2019-05-04,Demand by retailer,13.68
2019-05-04,Demand by customer,1.93
2019-05-05,Demand by supplier,17.51
2019-05-05,Demand by retailer,11.47
2019-05-05,Demand by customer,6.63
2019-05-06,Demand by supplier,15.22
2019-05-06,Demand by retailer,12.16
2019-05-06,Demand by customer,19.67
2019-05-07,Demand by supplier,13.03
2019-05-07,Demand by retailer,17.42
2019-05-07,Demand by customer,0.30
2019-05-08,Demand by supplier,16.56
2019-05-08,Demand by retailer,11.39
2019-05-08,Demand by customer,6.74
2019-05-09,Demand by supplier,12.89
2019-05-09,Demand by retailer,13.02
2019-05-09,Demand by customer,14.20
2019-05-10,Demand by supplier,12.93
2019-05-10,Demand by retailer,13.85
2019-05-10,Demand by customer,17.11
2019-05-11,Demand by supplier,13.53
2019-05-11,Demand by retailer,16.13
2019-05-11,Demand by customer,15.79
2019-05-12,Demand by supplier,15.32
2019-05-12,Demand by retailer,15.89
2019-05-12,Demand by customer,0.00
2019-05-13,Demand by supplier,15.69
2019-05-13,Demand by retailer,7.55
2019-05-13,Demand by customer,24.00
2019-05-14,Demand by supplier,9.95
2019-05-14,Demand by retailer,19.06
2019-05-14,Demand by customer,8.85
2019-05-15,Demand by supplier,17.89
2019-05-15,Demand by retailer,11.91
2019-05-15,Demand by customer,10.09
2019-05-16,Demand by supplier,15.62
2019-05-16,Demand by retailer,12.18
2019-05-16,Demand by customer,9.98
2019-05-17,Demand by supplier,13.16
2019-05-17,Demand by retailer,13.35
2019-05-17,Demand by customer,8.38
2019-05-18,Demand by supplier,13.25
2019-05-18,Demand by retailer,13.39
2019-05-18,Demand by customer,3.23
2019-05-19,Demand by supplier,16.63
2019-05-19,Demand by retailer,14.92
2019-05-19,Demand by customer,7.71
2019-05-20,Demand by supplier,15.39
2019-05-20,Demand by retailer,11.89
2019-05-20,Demand by customer,19.26
2019-05-21,Demand by supplier,12.89
2019-05-21,Demand by retailer,17.05
2019-05-21,Demand by customer,0.46
2019-05-22,Demand by supplier,15.78
2019-05-22,Demand by retailer,12.49
2019-05-22,Demand by customer,0.00
2019-05-23,Demand by supplier,13.43
2019-05-23,Demand by retailer,13.10
2019-05-23,Demand by customer,13.74
2019-05-24,Demand by supplier,13.15
2019-05-24,Demand by retailer,13.55
2019-05-24,Demand by customer,12.36
2019-05-25,Demand by supplier,13.69
2019-05-25,Demand by retailer,13.15
2019-05-25,Demand by customer,15.10
2019-05-26,Demand by supplier,15.69
2019-05-26,Demand by retailer,14.51
2019-05-26,Demand by customer,22.09
2019-05-27,Demand by supplier,14.82
2019-05-27,Demand by retailer,19.82
2019-05-27,Demand by customer,4.92
2019-05-28,Demand by supplier,18.33
2019-05-28,Demand by retailer,9.39
2019-05-28,Demand by customer,11.24
2019-05-29,Demand by supplier,12.03
2019-05-29,Demand by retailer,11.38
2019-05-29,Demand by customer,13.52
2019-05-30,Demand by supplier,12.23
2019-05-30,Demand by retailer,12.91
2019-05-30,Demand by customer,18.62
2019-05-31,Demand by supplier,14.55
2019-05-31,Demand by retailer,16.91
2019-05-31,Demand by customer,17.18
2019-06-01,Demand by supplier,16.18
2019-06-01,Demand by retailer,17.10
2019-06-01,Demand by customer,4.10
2019-06-02,Demand by supplier,16.80
2019-06-02,Demand by retailer,9.53
2019-06-02,Demand by customer,0.36
2019-06-03,Demand by supplier,11.67
2019-06-03,Demand by retailer,11.82
2019-06-03,Demand by customer,8.09
2019-06-04,Demand by supplier,11.73
2019-06-04,Demand by retailer,12.46
2019-06-04,Demand by customer,0.00
2019-06-05,Demand by supplier,13.07
2019-06-05,Demand by retailer,13.59
2019-06-05,Demand by customer,17.77
2019-06-06,Demand by supplier,13.40
2019-06-06,Demand by retailer,16.51
2019-06-06,Demand by customer,7.24
2019-06-07,Demand by supplier,15.55
2019-06-07,Demand by retailer,14.07
2019-06-07,Demand by customer,7.51
2019-06-08,Demand by supplier,17.59
2019-06-08,Demand by retailer,13.77
2019-06-08,Demand by customer,3.77
2019-06-09,Demand by supplier,16.14
2019-06-09,Demand by retailer,13.69
2019-06-09,Demand by customer,20.66
2019-06-10,Demand by supplier,14.39
2019-06-10,Demand by retailer,18.57
2019-06-10,Demand by customer,12.01
2019-06-11,Demand by supplier,18.57
2019-06-11,Demand by retailer,13.98
2019-06-11,Demand by customer,7.11
2019-06-12,Demand by supplier,15.83
2019-06-12,Demand by retailer,9.17
2019-06-12,Demand by customer,14.28
2019-06-13,Demand by supplier,11.13
2019-06-13,Demand by retailer,12.97
2019-06-13,Demand by customer,9.40
2019-06-14,Demand by supplier,12.38
2019-06-14,Demand by retailer,13.31
2019-06-14,Demand by customer,14.15
2019-06-15,Demand by supplier,12.99
2019-06-15,Demand by retailer,13.90
2019-06-15,Demand by customer,19.23
2019-06-16,Demand by supplier,13.59
2019-06-16,Demand by retailer,17.63
2019-06-16,Demand by customer,8.15
2019-06-17,Demand by supplier,16.41
2019-06-17,Demand by retailer,10.99
2019-06-17,Demand by customer,13.58
2019-06-18,Demand by supplier,12.57
2019-06-18,Demand by retailer,12.81
2019-06-18,Demand by customer,13.35
2019-06-19,Demand by supplier,13.95
2019-06-19,Demand by retailer,13.98
2019-06-19,Demand by customer,17.94
2019-06-20,Demand by supplier,15.58
2019-06-20,Demand by retailer,16.75
2019-06-20,Demand by customer,14.16
2019-06-21,Demand by supplier,19.28
2019-06-21,Demand by retailer,14.94
2019-06-21,Demand by customer,10.23
2019-06-22,Demand by supplier,16.21
2019-06-22,Demand by retailer,11.64
2019-06-22,Demand by customer,5.50
2019-06-23,Demand by supplier,12.97
2019-06-23,Demand by retailer,13.74
2019-06-23,Demand by customer,12.06
2019-06-24,Demand by supplier,13.47
2019-06-24,Demand by retailer,12.57
2019-06-24,Demand by customer,2.68
2019-06-25,Demand by supplier,12.80
2019-06-25,Demand by retailer,12.54
2019-06-25,Demand by customer,14.58
2019-06-26,Demand by supplier,12.57
2019-06-26,Demand by retailer,13.97
2019-06-26,Demand by customer,10.42
2019-06-27,Demand by supplier,13.51
2019-06-27,Demand by retailer,11.63
2019-06-27,Demand by customer,13.84
2019-06-28,Demand by supplier,12.15
2019-06-28,Demand by retailer,13.18
2019-06-28,Demand by customer,6.36
2019-06-29,Demand by supplier,12.83
2019-06-29,Demand by retailer,14.03
2019-06-29,Demand by customer,4.39
2019-06-30,Demand by supplier,13.93
2019-06-30,Demand by retailer,13.61
2019-06-30,Demand by customer,3.61
2019-07-01,Demand by supplier,16.94
2019-07-01,Demand by retailer,15.99
2019-07-01,Demand by customer,17.75
2019-07-02,Demand by supplier,17.64
2019-07-02,Demand by retailer,17.22
2019-07-02,Demand by customer,8.47
2019-07-03,Demand by supplier,18.86
2019-07-03,Demand by retailer,11.30
2019-07-03,Demand by customer,8.39
2019-07-04,Demand by supplier,14.42
2019-07-04,Demand by retailer,11.53
2019-07-04,Demand by customer,0.00
2019-07-05,Demand by supplier,12.76
2019-07-05,Demand by retailer,12.68
2019-07-05,Demand by customer,9.60
2019-07-06,Demand by supplier,12.67
2019-07-06,Demand by retailer,13.63
2019-07-06,Demand by customer,0.00
2019-07-07,Demand by supplier,13.30
2019-07-07,Demand by retailer,12.87
2019-07-07,Demand by customer,19.54
2019-07-08,Demand by supplier,12.96
2019-07-08,Demand by retailer,17.54
2019-07-08,Demand by customer,8.31
2019-07-09,Demand by supplier,16.15
2019-07-09,Demand by retailer,11.08
2019-07-09,Demand by customer,10.15
2019-07-10,Demand by supplier,12.56
2019-07-10,Demand by retailer,10.43
2019-07-10,Demand by customer,0.00
2019-07-11,Demand by supplier,11.02
2019-07-11,Demand by retailer,13.55
2019-07-11,Demand by customer,2.33
2019-07-12,Demand by supplier,14.69
2019-07-12,Demand by retailer,15.44
2019-07-12,Demand by customer,14.23
2019-07-13,Demand by supplier,16.77
2019-07-13,Demand by retailer,14.62
2019-07-13,Demand by customer,8.54
2019-07-14,Demand by supplier,15.23
2019-07-14,Demand by retailer,13.40
2019-07-14,Demand by customer,13.00
2019-07-15,Demand by supplier,16.03
2019-07-15,Demand by retailer,16.19
2019-07-15,Demand by customer,18.90
2019-07-16,Demand by supplier,17.59
2019-07-16,Demand by retailer,18.08
2019-07-16,Demand by customer,14.64
2019-07-17,Demand by supplier,17.93
2019-07-17,Demand by retailer,15.67
2019-07-17,Demand by customer,0.00
2019-07-18,Demand by supplier,16.32
2019-07-18,Demand by retailer,5.62
2019-07-18,Demand by customer,3.11
2019-07-19,Demand by supplier,8.81
2019-07-19,Demand by retailer,11.14
2019-07-19,Demand by customer,2.05
2019-07-20,Demand by supplier,10.40
2019-07-20,Demand by retailer,12.27
2019-07-20,Demand by customer,3.63
2019-07-21,Demand by supplier,11.67
2019-07-21,Demand by retailer,12.51
2019-07-21,Demand by customer,0.00
2019-07-22,Demand by supplier,12.22
2019-07-22,Demand by retailer,13.41
2019-07-22,Demand by customer,0.00
2019-07-23,Demand by supplier,13.02
2019-07-23,Demand by retailer,12.91
2019-07-23,Demand by customer,4.79
2019-07-24,Demand by supplier,12.91
2019-07-24,Demand by retailer,15.43
2019-07-24,Demand by customer,5.81
2019-07-25,Demand by supplier,16.97
2019-07-25,Demand by retailer,15.65
2019-07-25,Demand by customer,13.61
2019-07-26,Demand by supplier,19.44
2019-07-26,Demand by retailer,14.22
2019-07-26,Demand by customer,7.73
2019-07-27,Demand by supplier,18.86
2019-07-27,Demand by retailer,12.36
2019-07-27,Demand by customer,19.95
2019-07-28,Demand by supplier,15.51
2019-07-28,Demand by retailer,17.67
2019-07-28,Demand by customer,0.00
2019-07-29,Demand by supplier,17.01
2019-07-29,Demand by retailer,9.48
2019-07-29,Demand by customer,0.26
2019-07-30,Demand by supplier,11.70
2019-07-30,Demand by retailer,11.83
2019-07-30,Demand by customer,11.75
2019-07-31,Demand by supplier,11.75
2019-07-31,Demand by retailer,11.77
2019-07-31,Demand by customer,8.08
2019-08-01,Demand by supplier,11.73
2019-08-01,Demand by retailer,10.55
2019-08-01,Demand by customer,3.07
2019-08-02,Demand by supplier,10.87
2019-08-02,Demand by retailer,12.52
2019-08-02,Demand by customer,15.37
2019-08-03,Demand by supplier,11.99
2019-08-03,Demand by retailer,14.52
2019-08-03,Demand by customer,17.61
2019-08-04,Demand by supplier,13.73
2019-08-04,Demand by retailer,16.68
2019-08-04,Demand by customer,19.16
2019-08-05,Demand by supplier,15.78
2019-08-05,Demand by retailer,18.42
2019-08-05,Demand by customer,7.19
2019-08-06,Demand by supplier,19.33
2019-08-06,Demand by retailer,10.56
2019-08-06,Demand by customer,9.94
2019-08-07,Demand by supplier,19.01
2019-08-07,Demand by retailer,12.98
2019-08-07,Demand by customer,11.58
2019-08-08,Demand by supplier,16.44
2019-08-08,Demand by retailer,12.00
2019-08-08,Demand by customer,10.39
2019-08-09,Demand by supplier,13.87
2019-08-09,Demand by retailer,11.65
2019-08-09,Demand by customer,17.13
2019-08-10,Demand by supplier,12.28
2019-08-10,Demand by retailer,15.48
2019-08-10,Demand by customer,6.55
2019-08-11,Demand by supplier,14.50
2019-08-11,Demand by retailer,10.92
2019-08-11,Demand by customer,12.58
2019-08-12,Demand by supplier,11.96
2019-08-12,Demand by retailer,12.08
2019-08-12,Demand by customer,0.00
2019-08-13,Demand by supplier,12.01
2019-08-13,Demand by retailer,10.54
2019-08-13,Demand by customer,15.27
2019-08-14,Demand by supplier,10.95
2019-08-14,Demand by retailer,13.85
2019-08-14,Demand by customer,21.46
2019-08-15,Demand by supplier,12.95
2019-08-15,Demand by retailer,19.18
2019-08-15,Demand by customer,9.80
2019-08-16,Demand by supplier,17.32
2019-08-16,Demand by retailer,12.61
2019-08-16,Demand by customer,17.25
2019-08-17,Demand by supplier,14.31
2019-08-17,Demand by retailer,15.86
2019-08-17,Demand by customer,0.00
2019-08-18,Demand by supplier,19.95
2019-08-18,Demand by retailer,12.37
2019-08-18,Demand by customer,7.65
2019-08-19,Demand by supplier,18.28
2019-08-19,Demand by retailer,12.17
2019-08-19,Demand by customer,0.00
2019-08-20,Demand by supplier,13.97
2019-08-20,Demand by retailer,11.03
2019-08-20,Demand by customer,12.22
2019-08-21,Demand by supplier,11.88
2019-08-21,Demand by retailer,12.35
2019-08-21,Demand by customer,13.65
2019-08-22,Demand by supplier,12.17
2019-08-22,Demand by retailer,13.26
2019-08-22,Demand by customer,0.39
2019-08-23,Demand by supplier,12.90
2019-08-23,Demand by retailer,12.97
2019-08-23,Demand by customer,4.06
2019-08-24,Demand by supplier,12.92
2019-08-24,Demand by retailer,11.38
2019-08-24,Demand by customer,5.89
2019-08-25,Demand by supplier,11.81
2019-08-25,Demand by retailer,10.95
2019-08-25,Demand by customer,24.00
2019-08-26,Demand by supplier,11.17
2019-08-26,Demand by retailer,20.08
2019-08-26,Demand by customer,9.48
2019-08-27,Demand by supplier,17.43
2019-08-27,Demand by retailer,12.66
2019-08-27,Demand by customer,10.83
2019-08-28,Demand by supplier,14.06
2019-08-28,Demand by retailer,13.62
2019-08-28,Demand by customer,12.51
2019-08-29,Demand by supplier,16.30
2019-08-29,Demand by retailer,14.01
2019-08-29,Demand by customer,12.07
2019-08-30,Demand by supplier,18.23
2019-08-30,Demand by retailer,13.36
2019-08-30,Demand by customer,8.32
2019-08-31,Demand by supplier,16.87
2019-08-31,Demand by retailer,11.97
2019-08-31,Demand by customer,0.67
2019-09-01,Demand by supplier,13.41
2019-09-01,Demand by retailer,11.26
2019-09-01,Demand by customer,5.23
2019-09-02,Demand by supplier,11.87
2019-09-02,Demand by retailer,12.56
2019-09-02,Demand by customer,21.43
2019-09-03,Demand by supplier,12.32
2019-09-03,Demand by retailer,18.77
2019-09-03,Demand by customer,11.78
2019-09-04,Demand by supplier,16.84
2019-09-04,Demand by retailer,13.88
2019-09-04,Demand by customer,7.38
2019-09-05,Demand by supplier,14.74
2019-09-05,Demand by retailer,9.33
2019-09-05,Demand by customer,0.52
2019-09-06,Demand by supplier,10.92
2019-09-06,Demand by retailer,9.38
2019-09-06,Demand by customer,9.60
2019-09-07,Demand by supplier,9.81
2019-09-07,Demand by retailer,12.31
2019-09-07,Demand by customer,10.21
2019-09-08,Demand by supplier,11.53
2019-09-08,Demand by retailer,15.72
2019-09-08,Demand by customer,5.42
2019-09-09,Demand by supplier,14.44
2019-09-09,Demand by retailer,13.73
2019-09-09,Demand by customer,16.23
2019-09-10,Demand by supplier,15.20
2019-09-10,Demand by retailer,17.35
2019-09-10,Demand by customer,5.87
2019-09-11,Demand by supplier,19.10
2019-09-11,Demand by retailer,16.77
2019-09-11,Demand by customer,8.81
2019-09-12,Demand by supplier,19.10
2019-09-12,Demand by retailer,11.56
2019-09-12,Demand by customer,15.89
2019-09-13,Demand by supplier,13.79
2019-09-13,Demand by retailer,14.59
2019-09-13,Demand by customer,11.56
2019-09-14,Demand by supplier,14.33
2019-09-14,Demand by retailer,12.47
2019-09-14,Demand by customer,17.85
2019-09-15,Demand by supplier,15.28
2019-09-15,Demand by retailer,16.24
2019-09-15,Demand by customer,8.39
2019-09-16,Demand by supplier,15.93
2019-09-16,Demand by retailer,10.74
2019-09-16,Demand by customer,6.96
2019-09-17,Demand by supplier,12.27
2019-09-17,Demand by retailer,9.00
2019-09-17,Demand by customer,13.27
2019-09-18,Demand by supplier,9.95
2019-09-18,Demand by retailer,11.99
2019-09-18,Demand by customer,11.50
2019-09-19,Demand by supplier,11.35
2019-09-19,Demand by retailer,11.64
2019-09-19,Demand by customer,18.29
2019-09-20,Demand by supplier,11.52
2019-09-20,Demand by retailer,16.30
2019-09-20,Demand by customer,12.84
2019-09-21,Demand by supplier,14.85
2019-09-21,Demand by retailer,13.88
2019-09-21,Demand by customer,9.81
2019-09-22,Demand by supplier,14.14
2019-09-22,Demand by retailer,14.36
2019-09-22,Demand by customer,13.14
2019-09-23,Demand by supplier,18.62
2019-09-23,Demand by retailer,15.90
2019-09-23,Demand by customer,14.58
2019-09-24,Demand by supplier,16.70
2019-09-24,Demand by retailer,14.98
2019-09-24,Demand by customer,2.15
2019-09-25,Demand by supplier,16.73
2019-09-25,Demand by retailer,10.06
2019-09-25,Demand by customer,9.00
2019-09-26,Demand by supplier,12.70
2019-09-26,Demand by retailer,11.43
2019-09-26,Demand by customer,7.66
2019-09-27,Demand by supplier,11.78
2019-09-27,Demand by retailer,14.84
2019-09-27,Demand by customer,18.40
2019-09-28,Demand by supplier,13.90
2019-09-28,Demand by retailer,17.33
2019-09-28,Demand by customer,6.60
2019-09-29,Demand by supplier,16.29
2019-09-29,Demand by retailer,9.82
2019-09-29,Demand by customer,17.44
2019-09-30,Demand by supplier,11.73
2019-09-30,Demand by retailer,15.16
2019-09-30,Demand by customer,1.15
2019-10-01,Demand by supplier,14.11
2019-10-01,Demand by retailer,7.92
2019-10-01,Demand by customer,9.61
2019-10-02,Demand by supplier,9.75
2019-10-02,Demand by retailer,11.36
2019-10-02,Demand by customer,17.47
2019-10-03,Demand by supplier,10.85
2019-10-03,Demand by retailer,15.64
2019-10-03,Demand by customer,8.17
2019-10-04,Demand by supplier,14.18
2019-10-04,Demand by retailer,13.65
2019-10-04,Demand by customer,18.07
2019-10-05,Demand by supplier,16.09
2019-10-05,Demand by retailer,17.67
2019-10-05,Demand by customer,0.00
2019-10-06,Demand by supplier,17.19
2019-10-06,Demand by retailer,14.27
2019-10-06,Demand by customer,10.19
2019-10-07,Demand by supplier,16.32
2019-10-07,Demand by retailer,13.03
2019-10-07,Demand by customer,11.13
2019-10-08,Demand by supplier,15.60
2019-10-08,Demand by retailer,11.70
2019-10-08,Demand by customer,9.12
2019-10-09,Demand by supplier,12.86
2019-10-09,Demand by retailer,11.08
2019-10-09,Demand by customer,0.00
2019-10-10,Demand by supplier,12.69
2019-10-10,Demand by retailer,14.27
2019-10-10,Demand by customer,14.66
2019-10-11,Demand by supplier,13.77
2019-10-11,Demand by retailer,14.55
2019-10-11,Demand by customer,0.00
2019-10-12,Demand by supplier,14.29
2019-10-12,Demand by retailer,11.16
2019-10-12,Demand by customer,16.64
2019-10-13,Demand by supplier,12.07
2019-10-13,Demand by retailer,15.00
2019-10-13,Demand by customer,12.04
2019-10-14,Demand by supplier,14.10
2019-10-14,Demand by retailer,12.93
2019-10-14,Demand by customer,16.91
2019-10-15,Demand by supplier,13.25
2019-10-15,Demand by retailer,15.72
2019-10-15,Demand by customer,8.22
2019-10-16,Demand by supplier,14.96
2019-10-16,Demand by retailer,10.47
2019-10-16,Demand by customer,2.22
2019-10-17,Demand by supplier,12.23
2019-10-17,Demand by retailer,14.19
2019-10-17,Demand by customer,6.39
2019-10-18,Demand by supplier,15.06
2019-10-18,Demand by retailer,15.63
2019-10-18,Demand by customer,6.75
2019-10-19,Demand by supplier,15.56
2019-10-19,Demand by retailer,12.50
2019-10-19,Demand by customer,14.19
2019-10-20,Demand by supplier,14.73
2019-10-20,Demand by retailer,14.25
2019-10-20,Demand by customer,7.82
2019-10-21,Demand by supplier,14.37
2019-10-21,Demand by retailer,13.32
2019-10-21,Demand by customer,12.91
2019-10-22,Demand by supplier,13.61
2019-10-22,Demand by retailer,13.03
2019-10-22,Demand by customer,13.40
2019-10-23,Demand by supplier,13.18
2019-10-23,Demand by retailer,13.29
2019-10-23,Demand by customer,19.96
2019-10-24,Demand by supplier,13.23
2019-10-24,Demand by retailer,17.96
2019-10-24,Demand by customer,0.00
2019-10-25,Demand by supplier,16.54
2019-10-25,Demand by retailer,8.75
2019-10-25,Demand by customer,7.20
2019-10-26,Demand by supplier,11.06
2019-10-26,Demand by retailer,12.35
2019-10-26,Demand by customer,14.85
2019-10-27,Demand by supplier,11.94
2019-10-27,Demand by retailer,14.23
2019-10-27,Demand by customer,14.87
2019-10-28,Demand by supplier,13.52
2019-10-28,Demand by retailer,14.68
2019-10-28,Demand by customer,6.13
2019-10-29,Demand by supplier,15.12
2019-10-29,Demand by retailer,12.73
2019-10-29,Demand by customer,8.21
2019-10-30,Demand by supplier,13.42
2019-10-30,Demand by retailer,14.77
2019-10-30,Demand by customer,9.41
2019-10-31,Demand by supplier,15.18
2019-10-31,Demand by retailer,15.11
2019-10-31,Demand by customer,10.99
2019-11-01,Demand by supplier,16.88
2019-11-01,Demand by retailer,12.55
2019-11-01,Demand by customer,6.14
2019-11-02,Demand by supplier,13.82
2019-11-02,Demand by retailer,12.41
2019-11-02,Demand by customer,5.59
2019-11-03,Demand by supplier,12.80
2019-11-03,Demand by retailer,12.99
2019-11-03,Demand by customer,2.27
2019-11-04,Demand by supplier,12.91
2019-11-04,Demand by retailer,12.81
2019-11-04,Demand by customer,7.44
2019-11-05,Demand by supplier,12.81
2019-11-05,Demand by retailer,14.19
2019-11-05,Demand by customer,19.81
2019-11-06,Demand by supplier,13.75
2019-11-06,Demand by retailer,18.13
2019-11-06,Demand by customer,3.48
2019-11-07,Demand by supplier,16.81
2019-11-07,Demand by retailer,9.12
2019-11-07,Demand by customer,16.86
2019-11-08,Demand by supplier,11.40
2019-11-08,Demand by retailer,14.54
2019-11-08,Demand by customer,23.70
2019-11-09,Demand by supplier,13.58
2019-11-09,Demand by retailer,20.95
2019-11-09,Demand by customer,11.57
2019-11-10,Demand by supplier,18.77
2019-11-10,Demand by retailer,14.38
2019-11-10,Demand by customer,24.00
2019-11-11,Demand by supplier,15.78
2019-11-11,Demand by retailer,17.28
2019-11-11,Demand by customer,9.19
2019-11-12,Demand by supplier,16.82
2019-11-12,Demand by retailer,11.61
2019-11-12,Demand by customer,21.84
2019-11-13,Demand by supplier,15.40
2019-11-13,Demand by retailer,16.13
2019-11-13,Demand by customer,9.86
2019-11-14,Demand by supplier,15.90
2019-11-14,Demand by retailer,11.74
2019-11-14,Demand by customer,1.72
2019-11-15,Demand by supplier,12.96
2019-11-15,Demand by retailer,4.73
2019-11-15,Demand by customer,12.64
2019-11-16,Demand by supplier,7.20
2019-11-16,Demand by retailer,10.65
2019-11-16,Demand by customer,23.42
2019-11-17,Demand by supplier,9.59
2019-11-17,Demand by retailer,19.59
2019-11-17,Demand by customer,6.12
2019-11-18,Demand by supplier,16.60
2019-11-18,Demand by retailer,10.16
2019-11-18,Demand by customer,13.60
2019-11-19,Demand by supplier,12.06
2019-11-19,Demand by retailer,12.57
2019-11-19,Demand by customer,3.28
2019-11-20,Demand by supplier,12.39
2019-11-20,Demand by retailer,11.46
2019-11-20,Demand by customer,4.07
2019-11-21,Demand by supplier,14.07
2019-11-21,Demand by retailer,16.60
2019-11-21,Demand by customer,13.45
2019-11-22,Demand by supplier,17.77
2019-11-22,Demand by retailer,14.54
2019-11-22,Demand by customer,8.99
2019-11-23,Demand by supplier,15.49
2019-11-23,Demand by retailer,11.82
2019-11-23,Demand by customer,14.24
2019-11-24,Demand by supplier,14.00
2019-11-24,Demand by retailer,14.63
2019-11-24,Demand by customer,19.20
2019-11-25,Demand by supplier,15.51
2019-11-25,Demand by retailer,17.82
2019-11-25,Demand by customer,2.05
2019-11-26,Demand by supplier,17.13
2019-11-26,Demand by retailer,10.45
2019-11-26,Demand by customer,5.50
2019-11-27,Demand by supplier,12.43
2019-11-27,Demand by retailer,10.55
2019-11-27,Demand by customer,10.63
2019-11-28,Demand by supplier,11.09
2019-11-28,Demand by retailer,10.60
2019-11-28,Demand by customer,24.00
2019-11-29,Demand by supplier,10.72
2019-11-29,Demand by retailer,19.98
2019-11-29,Demand by customer,8.07
2019-11-30,Demand by supplier,17.22
2019-11-30,Demand by retailer,11.64
2019-11-30,Demand by customer,6.97
2019-12-01,Demand by supplier,13.29
2019-12-01,Demand by retailer,8.37
2019-12-01,Demand by customer,13.42
2019-12-02,Demand by supplier,9.82
2019-12-02,Demand by retailer,12.81
2019-12-02,Demand by customer,24.00
2019-12-03,Demand by supplier,11.89
2019-12-03,Demand by retailer,20.64
2019-12-03,Demand by customer,6.33
2019-12-04,Demand by supplier,20.70
2019-12-04,Demand by retailer,11.52
2019-12-04,Demand by customer,8.27
2019-12-05,Demand by supplier,14.25
2019-12-05,Demand by retailer,11.78
2019-12-05,Demand by customer,10.72
2019-12-06,Demand by supplier,12.50
2019-12-06,Demand by retailer,13.01
2019-12-06,Demand by customer,15.73
2019-12-07,Demand by supplier,14.77
2019-12-07,Demand by retailer,14.91
2019-12-07,Demand by customer,24.00
2019-12-08,Demand by supplier,14.85
2019-12-08,Demand by retailer,20.95
2019-12-08,Demand by customer,1.74
2019-12-09,Demand by supplier,19.15
2019-12-09,Demand by retailer,7.50
2019-12-09,Demand by customer,0.00
2019-12-10,Demand by supplier,10.98
2019-12-10,Demand by retailer,10.13
2019-12-10,Demand by customer,11.59
2019-12-11,Demand by supplier,10.36
2019-12-11,Demand by retailer,12.70
2019-12-11,Demand by customer,14.25
2019-12-12,Demand by supplier,11.98
2019-12-12,Demand by retailer,13.83
2019-12-12,Demand by customer,0.00
2019-12-13,Demand by supplier,13.25
2019-12-13,Demand by retailer,12.59
2019-12-13,Demand by customer,6.24
2019-12-14,Demand by supplier,12.76
2019-12-14,Demand by retailer,12.07
2019-12-14,Demand by customer,17.27
2019-12-15,Demand by supplier,12.25
2019-12-15,Demand by retailer,15.71
2019-12-15,Demand by customer,6.88
2019-12-16,Demand by supplier,14.66
2019-12-16,Demand by retailer,13.95
2019-12-16,Demand by customer,13.96
2019-12-17,Demand by supplier,14.49
2019-12-17,Demand by retailer,13.96
2019-12-17,Demand by customer,11.81
2019-12-18,Demand by supplier,16.35
2019-12-18,Demand by retailer,13.78
2019-12-18,Demand by customer,15.16
2019-12-19,Demand by supplier,15.27
2019-12-19,Demand by retailer,14.74
2019-12-19,Demand by customer,13.65
2019-12-20,Demand by supplier,17.36
2019-12-20,Demand by retailer,13.98
2019-12-20,Demand by customer,12.45
2019-12-21,Demand by supplier,14.97
2019-12-21,Demand by retailer,12.91
2019-12-21,Demand by customer,19.35
2019-12-22,Demand by supplier,13.50
2019-12-22,Demand by retailer,17.42
2019-12-22,Demand by customer,6.72
2019-12-23,Demand by supplier,16.24
2019-12-23,Demand by retailer,9.93
2019-12-23,Demand by customer,11.52
2019-12-24,Demand by supplier,11.80
2019-12-24,Demand by retailer,11.04
2019-12-24,Demand by customer,18.57
2019-12-25,Demand by supplier,11.24
2019-12-25,Demand by retailer,16.31
2019-12-25,Demand by customer,6.76
2019-12-26,Demand by supplier,14.78
2019-12-26,Demand by retailer,9.62
2019-12-26,Demand by customer,8.09
2019-12-27,Demand by supplier,11.15
2019-12-27,Demand by retailer,9.22
2019-12-27,Demand by customer,5.43
2019-12-28,Demand by supplier,9.78
2019-12-28,Demand by retailer,13.41
2019-12-28,Demand by customer,4.13
2019-12-29,Demand by supplier,12.29
2019-12-29,Demand by retailer,14.48
2019-12-29,Demand by customer,24.00
2019-12-30,Demand by supplier,14.07
2019-12-30,Demand by retailer,21.15
2019-12-30,Demand by customer,14.01
2019-12-31,Demand by supplier,19.05
2019-12-31,Demand by retailer,16.15
2019-12-31,Demand by customer,23.86
2020-01-01,Demand by supplier,18.37
2020-01-01,Demand by retailer,19.92
2020-01-01,Demand by customer,15.85
2020-01-02,Demand by supplier,16.79
2020-01-02,Demand by retailer,17.77
2020-01-02,Demand by customer,11.27
2020-01-03,Demand by supplier,15.75
2020-01-03,Demand by retailer,15.81
2020-01-03,Demand by customer,8.77
2020-01-04,Demand by supplier,15.78
2020-01-04,Demand by retailer,10.88
2020-01-04,Demand by customer,12.59
2020-01-05,Demand by supplier,12.32
2020-01-05,Demand by retailer,12.08
2020-01-05,Demand by customer,10.43
2020-01-06,Demand by supplier,12.13
2020-01-06,Demand by retailer,10.93
2020-01-06,Demand by customer,17.12
2020-01-07,Demand by supplier,11.26
2020-01-07,Demand by retailer,15.26
2020-01-07,Demand by customer,4.64
2020-01-08,Demand by supplier,14.05
2020-01-08,Demand by retailer,7.83
2020-01-08,Demand by customer,11.92
2020-01-09,Demand by supplier,9.67
2020-01-09,Demand by retailer,10.69
2020-01-09,Demand by customer,13.98
2020-01-10,Demand by supplier,10.36
2020-01-10,Demand by retailer,12.99
2020-01-10,Demand by customer,9.13
2020-01-11,Demand by supplier,12.18
2020-01-11,Demand by retailer,13.56
2020-01-11,Demand by customer,9.12
2020-01-12,Demand by supplier,13.12
2020-01-12,Demand by retailer,15.74
2020-01-12,Demand by customer,14.59
2020-01-13,Demand by supplier,16.32
2020-01-13,Demand by retailer,17.61
2020-01-13,Demand by customer,14.66
2020-01-14,Demand by supplier,22.04
2020-01-14,Demand by retailer,16.36
2020-01-14,Demand by customer,10.02
2020-01-15,Demand by supplier,17.45
2020-01-15,Demand by retailer,13.27
2020-01-15,Demand by customer,10.64
2020-01-16,Demand by supplier,14.40
2020-01-16,Demand by retailer,11.53
2020-01-16,Demand by customer,6.84
2020-01-17,Demand by supplier,12.37
2020-01-17,Demand by retailer,10.81
2020-01-17,Demand by customer,14.62
2020-01-18,Demand by supplier,11.25
2020-01-18,Demand by retailer,13.47
2020-01-18,Demand by customer,9.88
2020-01-19,Demand by supplier,12.79
2020-01-19,Demand by retailer,10.96
2020-01-19,Demand by customer,0.00
2020-01-20,Demand by supplier,11.48
2020-01-20,Demand by retailer,11.87
2020-01-20,Demand by customer,8.52
2020-01-21,Demand by supplier,11.73
2020-01-21,Demand by retailer,11.11
2020-01-21,Demand by customer,14.98
2020-01-22,Demand by supplier,11.27
2020-01-22,Demand by retailer,13.82
2020-01-22,Demand by customer,12.64
2020-01-23,Demand by supplier,13.04
2020-01-23,Demand by retailer,12.99
2020-01-23,Demand by customer,4.45
2020-01-24,Demand by supplier,12.98
2020-01-24,Demand by retailer,12.45
2020-01-24,Demand by customer,15.77
2020-01-25,Demand by supplier,17.86
2020-01-25,Demand by retailer,17.40
2020-01-25,Demand by customer,14.85
2020-01-26,Demand by supplier,18.67
2020-01-26,Demand by retailer,15.61
2020-01-26,Demand by customer,14.86
2020-01-27,Demand by supplier,17.33
2020-01-27,Demand by retailer,15.09
2020-01-27,Demand by customer,21.25
2020-01-28,Demand by supplier,15.52
2020-01-28,Demand by retailer,19.62
2020-01-28,Demand by customer,8.25
2020-01-29,Demand by supplier,17.17
2020-01-29,Demand by retailer,12.90
2020-01-29,Demand by customer,14.77
2020-01-30,Demand by supplier,14.16
2020-01-30,Demand by retailer,14.21
2020-01-30,Demand by customer,8.74
2020-01-31,Demand by supplier,14.17
2020-01-31,Demand by retailer,10.38
2020-01-31,Demand by customer,17.42
2020-02-01,Demand by supplier,11.50
2020-02-01,Demand by retailer,15.31
2020-02-01,Demand by customer,18.62
2020-02-02,Demand by supplier,14.15
2020-02-02,Demand by retailer,17.63
2020-02-02,Demand by customer,13.91
2020-02-03,Demand by supplier,16.58
2020-02-03,Demand by retailer,15.02
2020-02-03,Demand by customer,15.68
2020-02-04,Demand by supplier,15.48
2020-02-04,Demand by retailer,15.49
2020-02-04,Demand by customer,4.79
2020-02-05,Demand by supplier,15.47
2020-02-05,Demand by retailer,8.00
2020-02-05,Demand by customer,14.80
2020-02-06,Demand by supplier,10.22
2020-02-06,Demand by retailer,12.76
2020-02-06,Demand by customer,2.12
2020-02-07,Demand by supplier,11.98
2020-02-07,Demand by retailer,8.08
2020-02-07,Demand by customer,24.00
2020-02-08,Demand by supplier,9.23
2020-02-08,Demand by retailer,19.22
2020-02-08,Demand by customer,18.46
2020-02-09,Demand by supplier,16.24
2020-02-09,Demand by retailer,18.69
2020-02-09,Demand by customer,0.00
2020-02-10,Demand by supplier,17.96
2020-02-10,Demand by retailer,10.15
2020-02-10,Demand by customer,0.00
2020-02-11,Demand by supplier,12.47
2020-02-11,Demand by retailer,11.03
2020-02-11,Demand by customer,19.41
2020-02-12,Demand by supplier,11.44
2020-02-12,Demand by retailer,16.89
2020-02-12,Demand by customer,4.30
2020-02-13,Demand by supplier,16.41
2020-02-13,Demand by retailer,9.32
2020-02-13,Demand by customer,14.06
2020-02-14,Demand by supplier,11.43
2020-02-14,Demand by retailer,12.64
2020-02-14,Demand by customer,1.16
2020-02-15,Demand by supplier,12.25
2020-02-15,Demand by retailer,15.94
2020-02-15,Demand by customer,10.72
2020-02-16,Demand by supplier,14.88
2020-02-16,Demand by retailer,15.91
2020-02-16,Demand by customer,5.69
2020-02-17,Demand by supplier,15.59
2020-02-17,Demand by retailer,14.05
2020-02-17,Demand by customer,14.37
2020-02-18,Demand by supplier,14.49
2020-02-18,Demand by retailer,14.27
2020-02-18,Demand by customer,7.84
2020-02-19,Demand by supplier,14.32
2020-02-19,Demand by retailer,9.77
2020-02-19,Demand by customer,20.56
2020-02-20,Demand by supplier,11.95
2020-02-20,Demand by retailer,17.32
2020-02-20,Demand by customer,4.85
2020-02-21,Demand by supplier,15.71
2020-02-21,Demand by retailer,10.17
2020-02-21,Demand by customer,19.10
2020-02-22,Demand by supplier,11.81
2020-02-22,Demand by retailer,16.42
2020-02-22,Demand by customer,10.02
2020-02-23,Demand by supplier,15.03
2020-02-23,Demand by retailer,11.94
2020-02-23,Demand by customer,13.77
2020-02-24,Demand by supplier,12.85
2020-02-24,Demand by retailer,13.22
2020-02-24,Demand by customer,0.00
2020-02-25,Demand by supplier,13.09
2020-02-25,Demand by retailer,11.81
2020-02-25,Demand by customer,0.00
2020-02-26,Demand by supplier,12.17
2020-02-26,Demand by retailer,11.50
2020-02-26,Demand by customer,17.46
2020-02-27,Demand by supplier,11.68
2020-02-27,Demand by retailer,15.67
2020-02-27,Demand by customer,1.51
2020-02-28,Demand by supplier,14.46
2020-02-28,Demand by retailer,11.94
2020-02-28,Demand by customer,7.72
2020-02-29,Demand by supplier,12.67
2020-02-29,Demand by retailer,15.67
2020-02-29,Demand by customer,7.85
2020-03-01,Demand by supplier,14.76
2020-03-01,Demand by retailer,14.24
2020-03-01,Demand by customer,3.78
2020-03-02,Demand by supplier,14.38
2020-03-02,Demand by retailer,13.35
2020-03-02,Demand by customer,11.49
2020-03-03,Demand by supplier,15.56
2020-03-03,Demand by retailer,12.40
2020-03-03,Demand by customer,0.21
2020-03-04,Demand by supplier,13.33
2020-03-04,Demand by retailer,12.96
2020-03-04,Demand by customer,1.75
2020-03-05,Demand by supplier,13.14
2020-03-05,Demand by retailer,13.01
2020-03-05,Demand by customer,16.52
2020-03-06,Demand by supplier,13.03
2020-03-06,Demand by retailer,15.47
2020-03-06,Demand by customer,4.43
2020-03-07,Demand by supplier,14.72
2020-03-07,Demand by retailer,13.18
2020-03-07,Demand by customer,15.24
2020-03-08,Demand by supplier,13.62
2020-03-08,Demand by retailer,14.63
2020-03-08,Demand by customer,14.69
2020-03-09,Demand by supplier,14.31
2020-03-09,Demand by retailer,14.67
2020-03-09,Demand by customer,20.66
2020-03-10,Demand by supplier,14.54
2020-03-10,Demand by retailer,18.86
2020-03-10,Demand by customer,13.22
2020-03-11,Demand by supplier,17.57
2020-03-11,Demand by retailer,14.91
2020-03-11,Demand by customer,0.00
2020-03-12,Demand by supplier,15.70
2020-03-12,Demand by retailer,6.42
2020-03-12,Demand by customer,5.49
2020-03-13,Demand by supplier,9.20
2020-03-13,Demand by retailer,10.58
2020-03-13,Demand by customer,7.15
2020-03-14,Demand by supplier,10.15
2020-03-14,Demand by retailer,12.84
2020-03-14,Demand by customer,18.62
2020-03-15,Demand by supplier,12.01
2020-03-15,Demand by retailer,16.89
2020-03-15,Demand by customer,12.44
2020-03-16,Demand by supplier,15.42
2020-03-16,Demand by retailer,13.77
2020-03-16,Demand by customer,6.61
2020-03-17,Demand by supplier,14.25
2020-03-17,Demand by retailer,11.36
2020-03-17,Demand by customer,13.06
2020-03-18,Demand by supplier,12.20
2020-03-18,Demand by retailer,12.88
2020-03-18,Demand by customer,7.51
2020-03-19,Demand by supplier,13.07
2020-03-19,Demand by retailer,12.60
2020-03-19,Demand by customer,13.85
2020-03-20,Demand by supplier,14.94
2020-03-20,Demand by retailer,15.03
2020-03-20,Demand by customer,11.08
2020-03-21,Demand by supplier,14.99
2020-03-21,Demand by retailer,13.49
2020-03-21,Demand by customer,17.76
2020-03-22,Demand by supplier,13.92
2020-03-22,Demand by retailer,16.48
2020-03-22,Demand by customer,12.35
2020-03-23,Demand by supplier,15.73
2020-03-23,Demand by retailer,13.59
2020-03-23,Demand by customer,16.97
2020-03-24,Demand by supplier,14.21
2020-03-24,Demand by retailer,15.96
2020-03-24,Demand by customer,9.92
2020-03-25,Demand by supplier,15.42
2020-03-25,Demand by retailer,11.73
2020-03-25,Demand by customer,14.98
2020-03-26,Demand by supplier,12.82
2020-03-26,Demand by retailer,14.01
2020-03-26,Demand by customer,8.94
2020-03-27,Demand by supplier,13.64
2020-03-27,Demand by retailer,10.46
2020-03-27,Demand by customer,14.51
2020-03-28,Demand by supplier,11.39
2020-03-28,Demand by retailer,13.29
2020-03-28,Demand by customer,11.57
2020-03-29,Demand by supplier,12.70
2020-03-29,Demand by retailer,12.09
2020-03-29,Demand by customer,9.13
2020-03-30,Demand by supplier,12.25
2020-03-30,Demand by retailer,12.25
2020-03-30,Demand by customer,7.06
2020-03-31,Demand by supplier,12.23
2020-03-31,Demand by retailer,12.38
2020-03-31,Demand by customer,8.08
2020-04-01,Demand by supplier,12.31
2020-04-01,Demand by retailer,14.18
2020-04-01,Demand by customer,13.32
2020-04-02,Demand by supplier,13.60
2020-04-02,Demand by retailer,15.29
2020-04-02,Demand by customer,0.00
2020-04-03,Demand by supplier,14.77
2020-04-03,Demand by retailer,15.14
2020-04-03,Demand by customer,18.69
2020-04-04,Demand by supplier,15.60
2020-04-04,Demand by retailer,17.62
2020-04-04,Demand by customer,0.00
2020-04-05,Demand by supplier,19.49
2020-04-05,Demand by retailer,10.46
2020-04-05,Demand by customer,8.67
2020-04-06,Demand by supplier,13.15
2020-04-06,Demand by retailer,11.72
2020-04-06,Demand by customer,7.69
2020-04-07,Demand by supplier,12.13
2020-04-07,Demand by retailer,11.77
2020-04-07,Demand by customer,15.18
2020-04-08,Demand by supplier,11.86
2020-04-08,Demand by retailer,14.15
2020-04-08,Demand by customer,11.65
2020-04-09,Demand by supplier,13.45
2020-04-09,Demand by retailer,12.40
2020-04-09,Demand by customer,9.70
2020-04-10,Demand by supplier,12.70
2020-04-10,Demand by retailer,11.88
2020-04-10,Demand by customer,10.59
2020-04-11,Demand by supplier,12.10
2020-04-11,Demand by retailer,11.18
2020-04-11,Demand by customer,16.62
2020-04-12,Demand by supplier,11.44
2020-04-12,Demand by retailer,14.99
2020-04-12,Demand by customer,24.00
2020-04-13,Demand by supplier,13.91
2020-04-13,Demand by retailer,21.30
2020-04-13,Demand by customer,12.64
2020-04-14,Demand by supplier,19.11
2020-04-14,Demand by retailer,15.24
2020-04-14,Demand by customer,0.00
2020-04-15,Demand by supplier,16.39
2020-04-15,Demand by retailer,8.27
2020-04-15,Demand by customer,7.07
2020-04-16,Demand by supplier,11.79
2020-04-16,Demand by retailer,12.63
2020-04-16,Demand by customer,12.94
2020-04-17,Demand by supplier,14.31
2020-04-17,Demand by retailer,12.85
2020-04-17,Demand by customer,24.00
2020-04-18,Demand by supplier,13.27
2020-04-18,Demand by retailer,20.65
2020-04-18,Demand by customer,4.64
2020-04-19,Demand by supplier,18.46
2020-04-19,Demand by retailer,9.45
2020-04-19,Demand by customer,7.40
2020-04-20,Demand by supplier,12.13
2020-04-20,Demand by retailer,8.01
2020-04-20,Demand by customer,13.91
2020-04-21,Demand by supplier,9.23
2020-04-21,Demand by retailer,12.27
2020-04-21,Demand by customer,12.26
2020-04-22,Demand by supplier,11.34
2020-04-22,Demand by retailer,12.65
2020-04-22,Demand by customer,0.73
2020-04-23,Demand by supplier,12.24
2020-04-23,Demand by retailer,10.89
2020-04-23,Demand by customer,16.63
2020-04-24,Demand by supplier,11.28
2020-04-24,Demand by retailer,14.91
2020-04-24,Demand by customer,0.79
2020-04-25,Demand by supplier,13.81
2020-04-25,Demand by retailer,12.16
2020-04-25,Demand by customer,8.13
2020-04-26,Demand by supplier,12.71
2020-04-26,Demand by retailer,16.82
2020-04-26,Demand by customer,19.27
2020-04-27,Demand by supplier,16.64
2020-04-27,Demand by retailer,18.54
2020-04-27,Demand by customer,0.77
2020-04-28,Demand by supplier,19.89
2020-04-28,Demand by retailer,12.00
2020-04-28,Demand by customer,7.59
2020-04-29,Demand by supplier,16.16
2020-04-29,Demand by retailer,12.45
2020-04-29,Demand by customer,21.69
2020-04-30,Demand by supplier,13.54
2020-04-30,Demand by retailer,18.92
2020-04-30,Demand by customer,8.18
2020-05-01,Demand by supplier,17.17
2020-05-01,Demand by retailer,11.55
2020-05-01,Demand by customer,2.66
2020-05-02,Demand by supplier,13.21
2020-05-02,Demand by retailer,6.80
2020-05-02,Demand by customer,5.92
2020-05-03,Demand by supplier,8.71
2020-05-03,Demand by retailer,8.70
2020-05-03,Demand by customer,15.86
2020-05-04,Demand by supplier,8.69
2020-05-04,Demand by retailer,13.71
2020-05-04,Demand by customer,0.00
2020-05-05,Demand by supplier,12.19
2020-05-05,Demand by retailer,10.68
2020-05-05,Demand by customer,5.57
2020-05-06,Demand by supplier,11.11
2020-05-06,Demand by retailer,12.35
2020-05-06,Demand by customer,0.00
2020-05-07,Demand by supplier,11.96
2020-05-07,Demand by retailer,14.55
2020-05-07,Demand by customer,1.89
2020-05-08,Demand by supplier,13.76
2020-05-08,Demand by retailer,14.30
2020-05-08,Demand by customer,19.01
2020-05-09,Demand by supplier,16.52
2020-05-09,Demand by retailer,17.60
2020-05-09,Demand by customer,9.41
2020-05-10,Demand by supplier,16.83
2020-05-10,Demand by retailer,14.27
2020-05-10,Demand by customer,6.92
2020-05-11,Demand by supplier,17.59
2020-05-11,Demand by retailer,15.49
2020-05-11,Demand by customer,12.98
2020-05-12,Demand by supplier,16.07
2020-05-12,Demand by retailer,14.94
2020-05-12,Demand by customer,4.99
2020-05-13,Demand by supplier,15.27
2020-05-13,Demand by retailer,11.52
2020-05-13,Demand by customer,1.56
2020-05-14,Demand by supplier,12.63
2020-05-14,Demand by retailer,9.87
2020-05-14,Demand by customer,18.03
2020-05-15,Demand by supplier,10.68
2020-05-15,Demand by retailer,15.58
2020-05-15,Demand by customer,16.15
2020-05-16,Demand by supplier,14.10
2020-05-16,Demand by retailer,15.98
2020-05-16,Demand by customer,4.06
2020-05-17,Demand by supplier,15.41
2020-05-17,Demand by retailer,7.64
2020-05-17,Demand by customer,14.93
2020-05-18,Demand by supplier,9.95
2020-05-18,Demand by retailer,12.74
2020-05-18,Demand by customer,20.22
2020-05-19,Demand by supplier,11.89
2020-05-19,Demand by retailer,17.98
2020-05-19,Demand by customer,13.44
2020-05-20,Demand by supplier,16.15
2020-05-20,Demand by retailer,14.80
2020-05-20,Demand by customer,13.50
2020-05-21,Demand by supplier,15.19
2020-05-21,Demand by retailer,13.89
2020-05-21,Demand by customer,1.29
2020-05-22,Demand by supplier,14.27
2020-05-22,Demand by retailer,9.95
2020-05-22,Demand by customer,9.06
2020-05-23,Demand by supplier,11.62
2020-05-23,Demand by retailer,14.52
2020-05-23,Demand by customer,0.00
2020-05-24,Demand by supplier,15.04
2020-05-24,Demand by retailer,12.54
2020-05-24,Demand by customer,17.81
2020-05-25,Demand by supplier,13.28
2020-05-25,Demand by retailer,16.23
2020-05-25,Demand by customer,8.78
2020-05-26,Demand by supplier,15.33
2020-05-26,Demand by retailer,11.01
2020-05-26,Demand by customer,19.28
2020-05-27,Demand by supplier,12.29
2020-05-27,Demand by retailer,16.80
2020-05-27,Demand by customer,4.55
2020-05-28,Demand by supplier,15.44
2020-05-28,Demand by retailer,10.46
2020-05-28,Demand by customer,16.14
2020-05-29,Demand by supplier,11.94
2020-05-29,Demand by retailer,14.43
2020-05-29,Demand by customer,0.00
2020-05-30,Demand by supplier,13.67
2020-05-30,Demand by retailer,9.13
2020-05-30,Demand by customer,7.14
2020-05-31,Demand by supplier,10.48
2020-05-31,Demand by retailer,12.73
2020-05-31,Demand by customer,13.83
2020-06-01,Demand by supplier,12.04
2020-06-01,Demand by retailer,16.28
2020-06-01,Demand by customer,12.49
2020-06-02,Demand by supplier,15.00
2020-06-02,Demand by retailer,13.63
2020-06-02,Demand by customer,9.57
2020-06-03,Demand by supplier,14.02
2020-06-03,Demand by retailer,13.00
2020-06-03,Demand by customer,0.00
2020-06-04,Demand by supplier,13.29
2020-06-04,Demand by retailer,13.35
2020-06-04,Demand by customer,19.30
2020-06-05,Demand by supplier,14.90
2020-06-05,Demand by retailer,17.51
2020-06-05,Demand by customer,14.64
2020-06-06,Demand by supplier,17.02
2020-06-06,Demand by retailer,15.50
2020-06-06,Demand by customer,18.01
2020-06-07,Demand by supplier,15.95
2020-06-07,Demand by retailer,17.26
2020-06-07,Demand by customer,17.92
2020-06-08,Demand by supplier,16.86
2020-06-08,Demand by retailer,17.62
2020-06-08,Demand by customer,7.34
2020-06-09,Demand by supplier,16.51
2020-06-09,Demand by retailer,11.30
2020-06-09,Demand by customer,12.75
2020-06-10,Demand by supplier,12.85
2020-06-10,Demand by retailer,12.32
2020-06-10,Demand by customer,24.00
2020-06-11,Demand by supplier,12.46
2020-06-11,Demand by retailer,20.34
2020-06-11,Demand by customer,4.08
2020-06-12,Demand by supplier,18.00
2020-06-12,Demand by retailer,8.96
2020-06-12,Demand by customer,12.86
2020-06-13,Demand by supplier,11.65
2020-06-13,Demand by retailer,11.69
2020-06-13,Demand by customer,6.03
2020-06-14,Demand by supplier,11.66
2020-06-14,Demand by retailer,7.73
2020-06-14,Demand by customer,22.33
2020-06-15,Demand by supplier,8.90
2020-06-15,Demand by retailer,17.95
2020-06-15,Demand by customer,11.21
2020-06-16,Demand by supplier,15.24
2020-06-16,Demand by retailer,13.23
2020-06-16,Demand by customer,2.64
2020-06-17,Demand by supplier,13.82
2020-06-17,Demand by retailer,8.36
2020-06-17,Demand by customer,5.71
2020-06-18,Demand by supplier,9.98
2020-06-18,Demand by retailer,12.53
2020-06-18,Demand by customer,0.04
2020-06-19,Demand by supplier,11.74
2020-06-19,Demand by retailer,17.09
2020-06-19,Demand by customer,0.00
2020-06-20,Demand by supplier,16.99
2020-06-20,Demand by retailer,16.42
2020-06-20,Demand by customer,0.00
2020-06-21,Demand by supplier,16.59
2020-06-21,Demand by retailer,11.35
2020-06-21,Demand by customer,4.83
2020-06-22,Demand by supplier,12.91
2020-06-22,Demand by retailer,13.57
2020-06-22,Demand by customer,1.98
2020-06-23,Demand by supplier,16.46
2020-06-23,Demand by retailer,13.86
2020-06-23,Demand by customer,11.03
2020-06-24,Demand by supplier,14.63
2020-06-24,Demand by retailer,11.88
2020-06-24,Demand by customer,4.13
2020-06-25,Demand by supplier,12.69
2020-06-25,Demand by retailer,11.51
2020-06-25,Demand by customer,11.57
2020-06-26,Demand by supplier,11.84
2020-06-26,Demand by retailer,11.72
2020-06-26,Demand by customer,22.52
2020-06-27,Demand by supplier,11.74
2020-06-27,Demand by retailer,19.28
2020-06-27,Demand by customer,1.64
2020-06-28,Demand by supplier,17.03
2020-06-28,Demand by retailer,6.93
2020-06-28,Demand by customer,1.39
2020-06-29,Demand by supplier,9.95
2020-06-29,Demand by retailer,11.57
2020-06-29,Demand by customer,16.94
2020-06-30,Demand by supplier,11.06
2020-06-30,Demand by retailer,15.33
2020-06-30,Demand by customer,24.00
2020-07-01,Demand by supplier,14.04
2020-07-01,Demand by retailer,21.40
2020-07-01,Demand by customer,3.79
2020-07-02,Demand by supplier,19.22
2020-07-02,Demand by retailer,9.07
2020-07-02,Demand by customer,0.00
2020-07-03,Demand by supplier,12.10
2020-07-03,Demand by retailer,11.03
2020-07-03,Demand by customer,7.91
2020-07-04,Demand by supplier,12.21
2020-07-04,Demand by retailer,13.18
2020-07-04,Demand by customer,7.10
2020-07-05,Demand by supplier,13.35
2020-07-05,Demand by retailer,14.15
2020-07-05,Demand by customer,15.01
2020-07-06,Demand by supplier,13.90
2020-07-06,Demand by retailer,14.75
2020-07-06,Demand by customer,2.44
2020-07-07,Demand by supplier,14.48
2020-07-07,Demand by retailer,10.63
2020-07-07,Demand by customer,8.11
2020-07-08,Demand by supplier,11.77
2020-07-08,Demand by retailer,13.19
2020-07-08,Demand by customer,7.76
2020-07-09,Demand by supplier,12.75
2020-07-09,Demand by retailer,12.27
2020-07-09,Demand by customer,0.00
2020-07-10,Demand by supplier,12.40
2020-07-10,Demand by retailer,12.91
2020-07-10,Demand by customer,0.00
2020-07-11,Demand by supplier,12.74
2020-07-11,Demand by retailer,11.59
2020-07-11,Demand by customer,13.13
2020-07-12,Demand by supplier,11.92
2020-07-12,Demand by retailer,13.11
2020-07-12,Demand by customer,13.84
2020-07-13,Demand by supplier,12.74
2020-07-13,Demand by retailer,15.91
2020-07-13,Demand by customer,4.32
2020-07-14,Demand by supplier,14.95
2020-07-14,Demand by retailer,15.24
2020-07-14,Demand by customer,21.07
2020-07-15,Demand by supplier,15.15
2020-07-15,Demand by retailer,19.32
2020-07-15,Demand by customer,16.60
2020-07-16,Demand by supplier,18.08
2020-07-16,Demand by retailer,17.42
2020-07-16,Demand by customer,13.26
2020-07-17,Demand by supplier,16.57
2020-07-17,Demand by retailer,17.68
2020-07-17,Demand by customer,14.30
2020-07-18,Demand by supplier,16.16
2020-07-18,Demand by retailer,16.44
2020-07-18,Demand by customer,12.45
2020-07-19,Demand by supplier,15.45
2020-07-19,Demand by retailer,14.55
2020-07-19,Demand by customer,15.10
2020-07-20,Demand by supplier,14.81
2020-07-20,Demand by retailer,14.93
2020-07-20,Demand by customer,16.11
2020-07-21,Demand by supplier,14.88
2020-07-21,Demand by retailer,15.76
2020-07-21,Demand by customer,10.45
2020-07-22,Demand by supplier,15.49
2020-07-22,Demand by retailer,12.05
2020-07-22,Demand by customer,0.00
2020-07-23,Demand by supplier,13.06
2020-07-23,Demand by retailer,3.61
2020-07-23,Demand by customer,8.81
2020-07-24,Demand by supplier,6.46
2020-07-24,Demand by retailer,7.25
2020-07-24,Demand by customer,4.03
2020-07-25,Demand by supplier,7.00
2020-07-25,Demand by retailer,8.81
2020-07-25,Demand by customer,1.50
2020-07-26,Demand by supplier,8.26
2020-07-26,Demand by retailer,15.41
2020-07-26,Demand by customer,14.20
2020-07-27,Demand by supplier,13.26
2020-07-27,Demand by retailer,16.20
2020-07-27,Demand by customer,0.00
2020-07-28,Demand by supplier,15.31
2020-07-28,Demand by retailer,16.98
2020-07-28,Demand by customer,15.86
2020-07-29,Demand by supplier,16.02
2020-07-29,Demand by retailer,17.42
2020-07-29,Demand by customer,5.39
2020-07-30,Demand by supplier,16.03
2020-07-30,Demand by retailer,21.44
2020-07-30,Demand by customer,1.20
2020-07-31,Demand by supplier,17.82
2020-07-31,Demand by retailer,17.24
2020-07-31,Demand by customer,3.74
2020-08-01,Demand by supplier,16.06
2020-08-01,Demand by retailer,12.69
2020-08-01,Demand by customer,24.00
2020-08-02,Demand by supplier,13.68
2020-08-02,Demand by retailer,20.61
2020-08-02,Demand by customer,20.43
2020-08-03,Demand by supplier,17.68
2020-08-03,Demand by retailer,21.35
2020-08-03,Demand by customer,7.92
2020-08-04,Demand by supplier,17.81
2020-08-04,Demand by retailer,14.43
2020-08-04,Demand by customer,17.54
2020-08-05,Demand by supplier,15.43
2020-08-05,Demand by retailer,15.53
2020-08-05,Demand by customer,22.63
2020-08-06,Demand by supplier,15.34
2020-08-06,Demand by retailer,15.53
2020-08-06,Demand by customer,3.72
2020-08-07,Demand by supplier,15.46
2020-08-07,Demand by retailer,7.26
2020-08-07,Demand by customer,7.89
2020-08-08,Demand by supplier,9.71
2020-08-08,Demand by retailer,7.70
2020-08-08,Demand by customer,16.49
2020-08-09,Demand by supplier,8.29
2020-08-09,Demand by retailer,13.86
2020-08-09,Demand by customer,12.80
2020-08-10,Demand by supplier,12.17
2020-08-10,Demand by retailer,13.11
2020-08-10,Demand by customer,7.28
2020-08-11,Demand by supplier,12.82
2020-08-11,Demand by retailer,9.03
2020-08-11,Demand by customer,21.55
2020-08-12,Demand by supplier,10.15
2020-08-12,Demand by retailer,17.79
2020-08-12,Demand by customer,13.57
2020-08-13,Demand by supplier,15.50
2020-08-13,Demand by retailer,14.84
2020-08-13,Demand by customer,15.59
2020-08-14,Demand by supplier,15.02
2020-08-14,Demand by retailer,15.36
2020-08-14,Demand by customer,24.00
2020-08-15,Demand by supplier,14.74
2020-08-15,Demand by retailer,22.02
2020-08-15,Demand by customer,13.44
2020-08-16,Demand by supplier,14.64
2020-08-16,Demand by retailer,24.32
2020-08-16,Demand by customer,24.00
2020-08-17,Demand by supplier,19.91
2020-08-17,Demand by retailer,20.32
2020-08-17,Demand by customer,12.13
2020-08-18,Demand by supplier,16.51
2020-08-18,Demand by retailer,18.29
2020-08-18,Demand by customer,8.80
2020-08-19,Demand by supplier,15.28
2020-08-19,Demand by retailer,14.13
2020-08-19,Demand by customer,10.87
2020-08-20,Demand by supplier,14.46
2020-08-20,Demand by retailer,11.85
2020-08-20,Demand by customer,16.19
2020-08-21,Demand by supplier,12.62
2020-08-21,Demand by retailer,14.89
2020-08-21,Demand by customer,14.64
2020-08-22,Demand by supplier,14.19
2020-08-22,Demand by retailer,14.71
2020-08-22,Demand by customer,12.61
2020-08-23,Demand by supplier,14.54
2020-08-23,Demand by retailer,13.24
2020-08-23,Demand by customer,0.00
2020-08-24,Demand by supplier,13.62
2020-08-24,Demand by retailer,3.97
2020-08-24,Demand by customer,2.16
2020-08-25,Demand by supplier,6.87
2020-08-25,Demand by retailer,8.24
2020-08-25,Demand by customer,8.04
2020-08-26,Demand by supplier,7.82
2020-08-26,Demand by retailer,13.13
2020-08-26,Demand by customer,15.14
2020-08-27,Demand by supplier,11.53
2020-08-27,Demand by retailer,14.54
2020-08-27,Demand by customer,20.27
2020-08-28,Demand by supplier,13.62
2020-08-28,Demand by retailer,18.55
2020-08-28,Demand by customer,0.00
2020-08-29,Demand by supplier,17.08
2020-08-29,Demand by retailer,13.31
2020-08-29,Demand by customer,8.86
2020-08-30,Demand by supplier,15.82
2020-08-30,Demand by retailer,15.07
2020-08-30,Demand by customer,6.63
2020-08-31,Demand by supplier,18.33
2020-08-31,Demand by retailer,15.52
2020-08-31,Demand by customer,9.13
2020-09-01,Demand by supplier,15.03
2020-09-01,Demand by retailer,12.37
2020-09-01,Demand by customer,11.41
2020-09-02,Demand by supplier,13.16
2020-09-02,Demand by retailer,12.17
2020-09-02,Demand by customer,3.79
2020-09-03,Demand by supplier,12.45
2020-09-03,Demand by retailer,13.15
2020-09-03,Demand by customer,0.42
2020-09-04,Demand by supplier,12.92
2020-09-04,Demand by retailer,12.47
2020-09-04,Demand by customer,17.14
2020-09-05,Demand by supplier,12.59
2020-09-05,Demand by retailer,15.74
2020-09-05,Demand by customer,15.27
2020-09-06,Demand by supplier,14.78
2020-09-06,Demand by retailer,15.41
2020-09-06,Demand by customer,6.90
2020-09-07,Demand by supplier,15.22
2020-09-07,Demand by retailer,9.46
2020-09-07,Demand by customer,9.02
2020-09-08,Demand by supplier,11.17
2020-09-08,Demand by retailer,9.15
2020-09-08,Demand by customer,4.93
2020-09-09,Demand by supplier,9.74
2020-09-09,Demand by retailer,10.22
2020-09-09,Demand by customer,0.00
2020-09-10,Demand by supplier,10.06
2020-09-10,Demand by retailer,15.17
2020-09-10,Demand by customer,14.52
2020-09-11,Demand by supplier,13.63
2020-09-11,Demand by retailer,16.11
2020-09-11,Demand by customer,5.10
2020-09-12,Demand by supplier,15.36
2020-09-12,Demand by retailer,15.03
2020-09-12,Demand by customer,1.86
2020-09-13,Demand by supplier,15.12
2020-09-13,Demand by retailer,15.04
2020-09-13,Demand by customer,5.57
2020-09-14,Demand by supplier,15.54
2020-09-14,Demand by retailer,13.01
2020-09-14,Demand by customer,21.60
2020-09-15,Demand by supplier,17.30
2020-09-15,Demand by retailer,19.02
2020-09-15,Demand by customer,13.05
2020-09-16,Demand by supplier,17.17
2020-09-16,Demand by retailer,16.19
2020-09-16,Demand by customer,11.56
2020-09-17,Demand by supplier,15.73
2020-09-17,Demand by retailer,13.70
2020-09-17,Demand by customer,10.52
2020-09-18,Demand by supplier,14.29
2020-09-18,Demand by retailer,11.48
2020-09-18,Demand by customer,16.04
2020-09-19,Demand by supplier,12.31
2020-09-19,Demand by retailer,14.67
2020-09-19,Demand by customer,15.11
2020-09-20,Demand by supplier,13.95
2020-09-20,Demand by retailer,14.98
2020-09-20,Demand by customer,0.53
2020-09-21,Demand by supplier,14.66
2020-09-21,Demand by retailer,4.87
2020-09-21,Demand by customer,8.15
2020-09-22,Demand by supplier,7.81
2020-09-22,Demand by retailer,7.16
2020-09-22,Demand by customer,5.21
2020-09-23,Demand by supplier,7.35
2020-09-23,Demand by retailer,11.00
2020-09-23,Demand by customer,11.39
2020-09-24,Demand by supplier,9.89
2020-09-24,Demand by retailer,14.38
2020-09-24,Demand by customer,9.40
2020-09-25,Demand by supplier,13.02
2020-09-25,Demand by retailer,15.58
2020-09-25,Demand by customer,0.00
2020-09-26,Demand by supplier,14.81
2020-09-26,Demand by retailer,14.58
2020-09-26,Demand by customer,18.06
2020-09-27,Demand by supplier,15.08
2020-09-27,Demand by retailer,17.01
2020-09-27,Demand by customer,11.69
2020-09-28,Demand by supplier,17.51
2020-09-28,Demand by retailer,18.93
2020-09-28,Demand by customer,0.00
2020-09-29,Demand by supplier,17.46
2020-09-29,Demand by retailer,14.83
2020-09-29,Demand by customer,17.99
2020-09-30,Demand by supplier,15.59
2020-09-30,Demand by retailer,17.05
2020-09-30,Demand by customer,10.68
2020-10-01,Demand by supplier,15.23
2020-10-01,Demand by retailer,13.97
2020-10-01,Demand by customer,13.17
2020-10-02,Demand by supplier,14.34
2020-10-02,Demand by retailer,13.41
2020-10-02,Demand by customer,9.99
2020-10-03,Demand by supplier,13.68
2020-10-03,Demand by retailer,11.02
2020-10-03,Demand by customer,10.92
2020-10-04,Demand by supplier,11.80
2020-10-04,Demand by retailer,10.95
2020-10-04,Demand by customer,6.14
2020-10-05,Demand by supplier,11.19
2020-10-05,Demand by retailer,7.59
2020-10-05,Demand by customer,0.00
2020-10-06,Demand by supplier,8.66
2020-10-06,Demand by retailer,8.13
2020-10-06,Demand by customer,5.30
2020-10-07,Demand by supplier,8.28
2020-10-07,Demand by retailer,13.58
2020-10-07,Demand by customer,11.00
2020-10-08,Demand by supplier,11.98
2020-10-08,Demand by retailer,14.05
2020-10-08,Demand by customer,9.97
2020-10-09,Demand by supplier,13.41
2020-10-09,Demand by retailer,14.63
2020-10-09,Demand by customer,14.34
2020-10-10,Demand by supplier,14.26
2020-10-10,Demand by retailer,16.37
2020-10-10,Demand by customer,8.99
2020-10-11,Demand by supplier,18.48
2020-10-11,Demand by retailer,19.21
2020-10-11,Demand by customer,0.00
2020-10-12,Demand by supplier,17.97
2020-10-12,Demand by retailer,18.17
2020-10-12,Demand by customer,14.88
2020-10-13,Demand by supplier,15.03
2020-10-13,Demand by retailer,19.19
2020-10-13,Demand by customer,3.85
2020-10-14,Demand by supplier,14.50
2020-10-14,Demand by retailer,13.99
2020-10-14,Demand by customer,0.02
2020-10-15,Demand by supplier,14.13
2020-10-15,Demand by retailer,13.62
2020-10-15,Demand by customer,7.31
2020-10-16,Demand by supplier,13.76
2020-10-16,Demand by retailer,10.76
2020-10-16,Demand by customer,0.00
2020-10-17,Demand by supplier,11.64
2020-10-17,Demand by retailer,9.09
2020-10-17,Demand by customer,12.13
2020-10-18,Demand by supplier,9.85
2020-10-18,Demand by retailer,11.22
2020-10-18,Demand by customer,2.95
2020-10-19,Demand by supplier,10.79
2020-10-19,Demand by retailer,9.80
2020-10-19,Demand by customer,23.39
2020-10-20,Demand by supplier,10.09
2020-10-20,Demand by retailer,19.31
2020-10-20,Demand by customer,7.75
2020-10-21,Demand by supplier,16.56
2020-10-21,Demand by retailer,11.22
2020-10-21,Demand by customer,5.55
2020-10-22,Demand by supplier,12.80
2020-10-22,Demand by retailer,10.84
2020-10-22,Demand by customer,4.84
2020-10-23,Demand by supplier,12.37
2020-10-23,Demand by retailer,14.92
2020-10-23,Demand by customer,0.00
2020-10-24,Demand by supplier,15.67
2020-10-24,Demand by retailer,17.14
2020-10-24,Demand by customer,3.29
2020-10-25,Demand by supplier,18.89
2020-10-25,Demand by retailer,13.00
2020-10-25,Demand by customer,4.08
2020-10-26,Demand by supplier,14.75
2020-10-26,Demand by retailer,10.76
2020-10-26,Demand by customer,7.12
2020-10-27,Demand by supplier,11.94
2020-10-27,Demand by retailer,13.20
2020-10-27,Demand by customer,0.00
2020-10-28,Demand by supplier,12.81
2020-10-28,Demand by retailer,13.61
2020-10-28,Demand by customer,9.78
2020-10-29,Demand by supplier,13.36
2020-10-29,Demand by retailer,10.93
2020-10-29,Demand by customer,18.68
2020-10-30,Demand by supplier,11.64
2020-10-30,Demand by retailer,16.35
2020-10-30,Demand by customer,6.45
2020-10-31,Demand by supplier,14.93
2020-10-31,Demand by retailer,9.42
2020-10-31,Demand by customer,9.14
2020-11-01,Demand by supplier,11.06
2020-11-01,Demand by retailer,9.22
2020-11-01,Demand by customer,12.57
2020-11-02,Demand by supplier,9.76
2020-11-02,Demand by retailer,14.48
2020-11-02,Demand by customer,3.83
2020-11-03,Demand by supplier,13.05
2020-11-03,Demand by retailer,12.84
2020-11-03,Demand by customer,6.42
2020-11-04,Demand by supplier,12.89
2020-11-04,Demand by retailer,14.57
2020-11-04,Demand by customer,16.37
2020-11-05,Demand by supplier,14.06
2020-11-05,Demand by retailer,15.83
2020-11-05,Demand by customer,10.94
2020-11-06,Demand by supplier,15.29
2020-11-06,Demand by retailer,14.38
2020-11-06,Demand by customer,0.86
2020-11-07,Demand by supplier,16.17
2020-11-07,Demand by retailer,13.56
2020-11-07,Demand by customer,0.00
2020-11-08,Demand by supplier,14.33
2020-11-08,Demand by retailer,11.30
2020-11-08,Demand by customer,24.00
2020-11-09,Demand by supplier,12.21
2020-11-09,Demand by retailer,20.19
2020-11-09,Demand by customer,12.84
2020-11-10,Demand by supplier,17.82
2020-11-10,Demand by retailer,15.04
2020-11-10,Demand by customer,0.00
2020-11-11,Demand by supplier,15.87
2020-11-11,Demand by retailer,6.22
2020-11-11,Demand by customer,10.81
2020-11-12,Demand by supplier,9.11
2020-11-12,Demand by retailer,10.27
2020-11-12,Demand by customer,14.55
2020-11-13,Demand by supplier,9.91
2020-11-13,Demand by retailer,13.27
2020-11-13,Demand by customer,10.58
2020-11-14,Demand by supplier,12.25
2020-11-14,Demand by retailer,11.39
2020-11-14,Demand by customer,0.00
2020-11-15,Demand by supplier,11.63
2020-11-15,Demand by retailer,12.50
2020-11-15,Demand by customer,22.68
2020-11-16,Demand by supplier,12.23
2020-11-16,Demand by retailer,19.63
2020-11-16,Demand by customer,14.06
2020-11-17,Demand by supplier,17.42
2020-11-17,Demand by retailer,15.73
2020-11-17,Demand by customer,8.41
2020-11-18,Demand by supplier,16.23
2020-11-18,Demand by retailer,10.61
2020-11-18,Demand by customer,14.69
2020-11-19,Demand by supplier,12.28
2020-11-19,Demand by retailer,13.46
2020-11-19,Demand by customer,8.24
2020-11-20,Demand by supplier,14.35
2020-11-20,Demand by retailer,12.39
2020-11-20,Demand by customer,7.46
2020-11-21,Demand by supplier,14.48
2020-11-21,Demand by retailer,12.23
2020-11-21,Demand by customer,16.21
2020-11-22,Demand by supplier,12.89
2020-11-22,Demand by retailer,15.02
2020-11-22,Demand by customer,0.00
2020-11-23,Demand by supplier,14.37
2020-11-23,Demand by retailer,11.46
2020-11-23,Demand by customer,17.03
2020-11-24,Demand by supplier,12.32
2020-11-24,Demand by retailer,15.36
2020-11-24,Demand by customer,12.74
2020-11-25,Demand by supplier,14.44
2020-11-25,Demand by retailer,13.53
2020-11-25,Demand by customer,15.33
2020-11-26,Demand by supplier,13.79
2020-11-26,Demand by retailer,14.79
2020-11-26,Demand by customer,16.45
2020-11-27,Demand by supplier,14.48
2020-11-27,Demand by retailer,15.95
2020-11-27,Demand by customer,21.05
2020-11-28,Demand by supplier,15.50
2020-11-28,Demand by retailer,19.52
2020-11-28,Demand by customer,20.25
2020-11-29,Demand by supplier,18.33
2020-11-29,Demand by retailer,15.85
2020-11-29,Demand by customer,16.30
2020-11-30,Demand by supplier,16.29
2020-11-30,Demand by retailer,15.80
2020-11-30,Demand by customer,7.26
2020-12-01,Demand by supplier,15.02
2020-12-01,Demand by retailer,10.75
2020-12-01,Demand by customer,14.95
2020-12-02,Demand by supplier,12.01
2020-12-02,Demand by retailer,13.69
2020-12-02,Demand by customer,6.64
2020-12-03,Demand by supplier,13.17
2020-12-03,Demand by retailer,8.75
2020-12-03,Demand by customer,3.25
2020-12-04,Demand by supplier,10.07
2020-12-04,Demand by retailer,5.82
2020-12-04,Demand by customer,13.34
2020-12-05,Demand by supplier,7.09
2020-12-05,Demand by retailer,11.08
2020-12-05,Demand by customer,12.66
2020-12-06,Demand by supplier,9.87
2020-12-06,Demand by retailer,12.61
2020-12-06,Demand by customer,18.61
2020-12-07,Demand by supplier,11.77
2020-12-07,Demand by retailer,16.81
2020-12-07,Demand by customer,0.00
2020-12-08,Demand by supplier,15.30
2020-12-08,Demand by retailer,13.57
2020-12-08,Demand by customer,14.41
2020-12-09,Demand by supplier,14.07
2020-12-09,Demand by retailer,15.18
2020-12-09,Demand by customer,14.94
2020-12-10,Demand by supplier,18.15
2020-12-10,Demand by retailer,16.75
2020-12-10,Demand by customer,10.98
2020-12-11,Demand by supplier,16.26
2020-12-11,Demand by retailer,16.19
2020-12-11,Demand by customer,20.75
2020-12-12,Demand by supplier,16.08
2020-12-12,Demand by retailer,20.01
2020-12-12,Demand by customer,3.97
2020-12-13,Demand by supplier,14.69
2020-12-13,Demand by retailer,12.94
2020-12-13,Demand by customer,12.62
2020-12-14,Demand by supplier,13.45
2020-12-14,Demand by retailer,12.71
2020-12-14,Demand by customer,7.57
2020-12-15,Demand by supplier,12.92
2020-12-15,Demand by retailer,9.71
2020-12-15,Demand by customer,10.13
2020-12-16,Demand by supplier,10.66
2020-12-16,Demand by retailer,10.00
2020-12-16,Demand by customer,3.33
2020-12-17,Demand by supplier,10.19
2020-12-17,Demand by retailer,9.64
2020-12-17,Demand by customer,9.25
2020-12-18,Demand by supplier,9.79
2020-12-18,Demand by retailer,11.30
2020-12-18,Demand by customer,15.04
2020-12-19,Demand by supplier,10.83
2020-12-19,Demand by retailer,13.92
2020-12-19,Demand by customer,11.11
2020-12-20,Demand by supplier,12.98
2020-12-20,Demand by retailer,14.18
2020-12-20,Demand by customer,12.72
2020-12-21,Demand by supplier,13.81
2020-12-21,Demand by retailer,14.26
2020-12-21,Demand by customer,4.81
2020-12-22,Demand by supplier,14.82
2020-12-22,Demand by retailer,15.92
2020-12-22,Demand by customer,21.57
2020-12-23,Demand by supplier,18.98
2020-12-23,Demand by retailer,19.87
2020-12-23,Demand by customer,5.31
2020-12-24,Demand by supplier,16.61
2020-12-24,Demand by retailer,13.71
2020-12-24,Demand by customer,10.41
2020-12-25,Demand by supplier,14.57
2020-12-25,Demand by retailer,11.40
2020-12-25,Demand by customer,14.46
2020-12-26,Demand by supplier,12.34
2020-12-26,Demand by retailer,13.54
2020-12-26,Demand by customer,8.98
2020-12-27,Demand by supplier,13.17
2020-12-27,Demand by retailer,10.69
2020-12-27,Demand by customer,15.67
2020-12-28,Demand by supplier,11.42
2020-12-28,Demand by retailer,14.18
2020-12-28,Demand by customer,11.66
2020-12-29,Demand by supplier,13.34
2020-12-29,Demand by retailer,12.41
2020-12-29,Demand by customer,22.40
2020-12-30,Demand by supplier,12.68
2020-12-30,Demand by retailer,19.41
2020-12-30,Demand by customer,14.20
2020-12-31,Demand by supplier,17.40
2020-12-31,Demand by retailer,15.76
2020-12-31,Demand by customer,13.12
2021-01-01,Demand by supplier,16.25
2021-01-01,Demand by retailer,13.91
2021-01-01,Demand by customer,4.55
2021-01-02,Demand by supplier,14.60
2021-01-02,Demand by retailer,7.36
2021-01-02,Demand by customer,13.58
2021-01-03,Demand by supplier,9.53
2021-01-03,Demand by retailer,11.71
2021-01-03,Demand by customer,17.42
2021-01-04,Demand by supplier,11.18
2021-01-04,Demand by retailer,15.71
2021-01-04,Demand by customer,13.23
2021-01-05,Demand by supplier,14.34
2021-01-05,Demand by retailer,13.98
2021-01-05,Demand by customer,3.67
2021-01-06,Demand by supplier,14.08
2021-01-06,Demand by retailer,11.52
2021-01-06,Demand by customer,6.39
2021-01-07,Demand by supplier,12.27
2021-01-07,Demand by retailer,12.44
2021-01-07,Demand by customer,8.61
2021-01-08,Demand by supplier,12.37
2021-01-08,Demand by retailer,11.54
2021-01-08,Demand by customer,10.40
2021-01-09,Demand by supplier,11.78
2021-01-09,Demand by retailer,12.49
2021-01-09,Demand by customer,0.42
2021-01-10,Demand by supplier,12.27
2021-01-10,Demand by retailer,14.89
2021-01-10,Demand by customer,23.53
2021-01-11,Demand by supplier,14.09
2021-01-11,Demand by retailer,20.93
2021-01-11,Demand by customer,9.53
2021-01-12,Demand by supplier,18.91
2021-01-12,Demand by retailer,12.95
2021-01-12,Demand by customer,11.03
2021-01-13,Demand by supplier,14.72
2021-01-13,Demand by retailer,11.61
2021-01-13,Demand by customer,7.09
2021-01-14,Demand by supplier,12.53
2021-01-14,Demand by retailer,11.94
2021-01-14,Demand by customer,9.91
2021-01-15,Demand by supplier,12.10
2021-01-15,Demand by retailer,11.77
2021-01-15,Demand by customer,23.80
2021-01-16,Demand by supplier,11.86
2021-01-16,Demand by retailer,20.19
2021-01-16,Demand by customer,3.48
2021-01-17,Demand by supplier,17.71
2021-01-17,Demand by retailer,8.49
2021-01-17,Demand by customer,6.51
2021-01-18,Demand by supplier,11.25
2021-01-18,Demand by retailer,10.87
2021-01-18,Demand by customer,2.84
2021-01-19,Demand by supplier,10.97
2021-01-19,Demand by retailer,12.32
2021-01-19,Demand by customer,6.27
2021-01-20,Demand by supplier,11.90
2021-01-20,Demand by retailer,12.68
2021-01-20,Demand by customer,20.99
2021-01-21,Demand by supplier,12.43
2021-01-21,Demand by retailer,18.50
2021-01-21,Demand by customer,5.70
2021-01-22,Demand by supplier,16.69
2021-01-22,Demand by retailer,9.54
2021-01-22,Demand by customer,6.91
2021-01-23,Demand by supplier,11.67
2021-01-23,Demand by retailer,12.01
2021-01-23,Demand by customer,0.00
2021-01-24,Demand by supplier,11.90
2021-01-24,Demand by retailer,15.79
2021-01-24,Demand by customer,7.59
2021-01-25,Demand by supplier,14.62
2021-01-25,Demand by retailer,13.56
2021-01-25,Demand by customer,11.74
2021-01-26,Demand by supplier,14.73
2021-01-26,Demand by retailer,13.56
2021-01-26,Demand by customer,6.68
2021-01-27,Demand by supplier,13.90
2021-01-27,Demand by retailer,13.18
2021-01-27,Demand by customer,7.32
2021-01-28,Demand by supplier,13.39
2021-01-28,Demand by retailer,13.06
2021-01-28,Demand by customer,15.78
2021-01-29,Demand by supplier,13.15
2021-01-29,Demand by retailer,14.97
2021-01-29,Demand by customer,13.86
2021-01-30,Demand by supplier,14.41
2021-01-30,Demand by retailer,14.19
2021-01-30,Demand by customer,9.41
2021-01-31,Demand by supplier,14.25
2021-01-31,Demand by retailer,10.84
2021-01-31,Demand by customer,4.61
2021-02-01,Demand by supplier,11.85
2021-02-01,Demand by retailer,12.29
2021-02-01,Demand by customer,0.00
2021-02-02,Demand by supplier,12.14
2021-02-02,Demand by retailer,12.10
2021-02-02,Demand by customer,22.01
2021-02-03,Demand by supplier,12.10
2021-02-03,Demand by retailer,19.04
2021-02-03,Demand by customer,0.00
2021-02-04,Demand by supplier,16.96
2021-02-04,Demand by retailer,8.62
2021-02-04,Demand by customer,14.70
2021-02-05,Demand by supplier,11.12
2021-02-05,Demand by retailer,12.88
2021-02-05,Demand by customer,8.75
2021-02-06,Demand by supplier,12.34
2021-02-06,Demand by retailer,13.11
2021-02-06,Demand by customer,4.97
2021-02-07,Demand by supplier,12.86
2021-02-07,Demand by retailer,14.03
2021-02-07,Demand by customer,16.39
